[{"model": "contenttypes.contenttype", "pk": 1, "fields": {"app_label": "admin", "model": "logentry"}}, {"model": "contenttypes.contenttype", "pk": 2, "fields": {"app_label": "auth", "model": "permission"}}, {"model": "contenttypes.contenttype", "pk": 3, "fields": {"app_label": "auth", "model": "group"}}, {"model": "contenttypes.contenttype", "pk": 4, "fields": {"app_label": "auth", "model": "user"}}, {"model": "contenttypes.contenttype", "pk": 5, "fields": {"app_label": "contenttypes", "model": "contenttype"}}, {"model": "contenttypes.contenttype", "pk": 6, "fields": {"app_label": "sessions", "model": "session"}}, {"model": "contenttypes.contenttype", "pk": 7, "fields": {"app_label": "stations", "model": "station"}}, {"model": "contenttypes.contenttype", "pk": 8, "fields": {"app_label": "trains", "model": "train"}}, {"model": "contenttypes.contenttype", "pk": 9, "fields": {"app_label": "stations", "model": "line"}}, {"model": "sessions.session", "pk": "efgtrpt793yu4n2h8daheg2crywq9zi2", "fields": {"session_data": ".eJxVjDsOwyAQBe9CHSEwC4aU6X0GtMsnOImwZOwqyt2DJRdJOzPvvZnHfSt-b2n1c2RXJtnllxGGZ6qHiA-s94WHpW7rTPxI-Gkbn5aYXrez_Tso2EpfO6XQIgkIaEBYAGEkGaFByJCRXFKSbAYlzYiBhm61dkaPubMhUWafL8GRNyw:1my4Ac:GbvSYQuFaxxWrRzcU3scVVl7eEFq2rILGMjyITUGy6M", "expire_date": "2021-12-31T03:44:34.432Z"}}, {"model": "sessions.session", "pk": "skfpndkubi18v99b0nz4wrvvn6ld06u5", "fields": {"session_data": ".eJxVjDsOwyAQBe9CHSEwC4aU6X0GtMsnOImwZOwqyt2DJRdJOzPvvZnHfSt-b2n1c2RXJtnllxGGZ6qHiA-s94WHpW7rTPxI-Gkbn5aYXrez_Tso2EpfO6XQIgkIaEBYAGEkGaFByJCRXFKSbAYlzYiBhm61dkaPubMhUWafL8GRNyw:1mwpxV:-z4qcE3VdZ07G2sppeWOSppYN-q0cC0xxBjbDqvJet4", "expire_date": "2021-12-27T18:21:57.286Z"}}, {"model": "sessions.session", "pk": "z9oivnop5wc16nvt9ze8xeitaycca6qi", "fields": {"session_data": ".eJxVjDsOwyAQBe9CHSEwC4aU6X0GtMsnOImwZOwqyt2DJRdJOzPvvZnHfSt-b2n1c2RXJtnllxGGZ6qHiA-s94WHpW7rTPxI-Gkbn5aYXrez_Tso2EpfO6XQIgkIaEBYAGEkGaFByJCRXFKSbAYlzYiBhm61dkaPubMhUWafL8GRNyw:1mxzEt:P6NhzNwuznuLPRWV4BzLeiGQmV9xLxqNSkFDAk8HoHM", "expire_date": "2021-12-30T22:28:39.401Z"}}, {"model": "stations.line", "pk": 1, "fields": {"name": "Сов", "color": "#9E005D"}}, {"model": "stations.line", "pk": 2, "fields": {"name": "Черн", "color": "#00A99D"}}, {"model": "stations.line", "pk": 3, "fields": {"name": "Бгрт", "color": "#F15A24"}}, {"model": "stations.line", "pk": 4, "fields": {"name": "Мам", "color": "#0047AB"}}, {"model": "stations.line", "pk": 5, "fields": {"name": "Балт", "color": "#BE2A2A"}}, {"model": "stations.line", "pk": 6, "fields": {"name": "Свет", "color": "#FCEE21"}}, {"model": "stations.line", "pk": 7, "fields": {"name": "Зел", "color": "#8CC63F"}}, {"model": "stations.station", "pk": 1, "fields": {"name": "4 км", "lat": 54.674011, "lon": 20.531794, "slug": "4-km", "line": [3]}}, {"model": "stations.station", "pk": 2, "fields": {"name": "7 км", "lat": 54.801929, "lon": 20.518293, "slug": "7-km", "line": [7]}}, {"model": "stations.station", "pk": 3, "fields": {"name": "13 км", "lat": 54.737081, "lon": 20.329378, "slug": "13-km", "line": [5]}}, {"model": "stations.station", "pk": 4, "fields": {"name": "18 км", "lat": 54.734575, "lon": 20.262856, "slug": "18-km", "line": [5]}}, {"model": "stations.station", "pk": 5, "fields": {"name": "20 км-Бгрт", "lat": 54.53015, "lon": 20.569589, "slug": "20-km-bgrt", "line": [3]}}, {"model": "stations.station", "pk": 6, "fields": {"name": "20 км-Свет", "lat": 54.818479, "lon": 20.280578, "slug": "20-km-svet", "line": [6]}}, {"model": "stations.station", "pk": 7, "fields": {"name": "21 км", "lat": 54.517948, "lon": 20.574672, "slug": "21-km", "line": [3]}}, {"model": "stations.station", "pk": 8, "fields": {"name": "29 км", "lat": 54.740843, "lon": 20.07855, "slug": "29-km", "line": [5]}}, {"model": "stations.station", "pk": 9, "fields": {"name": "45 км", "lat": 54.659934, "lon": 19.918587, "slug": "45-km", "line": [5]}}, {"model": "stations.station", "pk": 10, "fields": {"name": "119 км", "lat": 55.072265, "lon": 21.783522, "slug": "119-km", "line": [1]}}, {"model": "stations.station", "pk": 11, "fields": {"name": "1252 км", "lat": 54.633167, "lon": 20.982408, "slug": "1252-km", "line": [2]}}, {"model": "stations.station", "pk": 12, "fields": {"name": "1271 км", "lat": 54.638448, "lon": 20.702017, "slug": "1271-km", "line": [2]}}, {"model": "stations.station", "pk": 13, "fields": {"name": "1298 км", "lat": 54.600548, "lon": 20.393451, "slug": "1298-km", "line": [4]}}, {"model": "stations.station", "pk": 14, "fields": {"name": "1305 км", "lat": 54.565642, "lon": 20.326226, "slug": "1305-km", "line": [4]}}, {"model": "stations.station", "pk": 15, "fields": {"name": "1307 км", "lat": 54.562658, "lon": 20.284894, "slug": "1307-km", "line": [4]}}, {"model": "stations.station", "pk": 16, "fields": {"name": "1312 км", "lat": 54.572529, "lon": 20.221337, "slug": "1312-km", "line": [4]}}, {"model": "stations.station", "pk": 17, "fields": {"name": "1333 км", "lat": 54.481293, "lon": 19.953925, "slug": "1333-km", "line": [4]}}, {"model": "stations.station", "pk": 18, "fields": {"name": "Айвазовский", "lat": 54.673215, "lon": 20.569331, "slug": "aivazovskii", "line": [2]}}, {"model": "stations.station", "pk": 19, "fields": {"name": "Багратионовск", "lat": 54.392683, "lon": 20.647702, "slug": "bagrationovsk", "line": [3]}}, {"model": "stations.station", "pk": 20, "fields": {"name": "Баевка-1", "lat": 54.809246, "lon": 20.758207, "slug": "baevka-1", "line": [1]}}, {"model": "stations.station", "pk": 21, "fields": {"name": "Баевка-2", "lat": 54.813126, "lon": 20.795031, "slug": "baevka-2", "line": [1]}}, {"model": "stations.station", "pk": 22, "fields": {"name": "Балтийск", "lat": 54.64453, "lon": 19.896518, "slug": "baltiisk", "line": [5]}}, {"model": "stations.station", "pk": 23, "fields": {"name": "Богатово", "lat": 54.844841, "lon": 21.347318, "slug": "bogatovo", "line": [1]}}, {"model": "stations.station", "pk": 24, "fields": {"name": "Большаково", "lat": 54.882603, "lon": 21.64408, "slug": "bolshakovo", "line": [1]}}, {"model": "stations.station", "pk": 25, "fields": {"name": "Брусничная", "lat": 54.712139, "lon": 20.428049, "slug": "brusnichnaia", "line": [5]}}, {"model": "stations.station", "pk": 26, "fields": {"name": "Веселовка", "lat": 54.588207, "lon": 22.011759, "slug": "veselovka", "line": [2]}}, {"model": "stations.station", "pk": 27, "fields": {"name": "Владимиров", "lat": 54.584792, "lon": 20.56232, "slug": "vladimirov", "line": [3]}}, {"model": "stations.station", "pk": 28, "fields": {"name": "Гвардейск", "lat": 54.635845, "lon": 21.068869, "slug": "gvardeisk", "line": [2]}}, {"model": "stations.station", "pk": 29, "fields": {"name": "Голубево", "lat": 54.615619, "lon": 20.408688, "slug": "golubevo", "line": [4]}}, {"model": "stations.station", "pk": 30, "fields": {"name": "Гурьевск-1", "lat": 54.780377, "lon": 20.587006, "slug": "gurevsk-1", "line": [1]}}, {"model": "stations.station", "pk": 31, "fields": {"name": "Гурьевск-2", "lat": 54.792556, "lon": 20.630278, "slug": "gurevsk-2", "line": [1]}}, {"model": "stations.station", "pk": 32, "fields": {"name": "Гусев", "lat": 54.584923, "lon": 22.198808, "slug": "gusev", "line": [2]}}, {"model": "stations.station", "pk": 33, "fields": {"name": "Дивное", "lat": 54.60561, "lon": 22.400072, "slug": "divnoe", "line": [2]}}, {"model": "stations.station", "pk": 34, "fields": {"name": "Добрино", "lat": 54.813619, "lon": 20.869388, "slug": "dobrino", "line": [1]}}, {"model": "stations.station", "pk": 35, "fields": {"name": "Дружное", "lat": 54.781025, "lon": 20.350344, "slug": "druzhnoe", "line": [6]}}, {"model": "stations.station", "pk": 36, "fields": {"name": "Залесье", "lat": 54.846633, "lon": 21.524559, "slug": "zalese", "line": [1]}}, {"model": "stations.station", "pk": 37, "fields": {"name": "Западный", "lat": 54.710655, "lon": 20.457096, "slug": "zapadnyi", "line": [5]}}, {"model": "stations.station", "pk": 38, "fields": {"name": "Зеленоградск", "lat": 54.95802, "lon": 20.473239, "slug": "zelenogradsk", "line": [7]}}, {"model": "stations.station", "pk": 39, "fields": {"name": "Знаменка", "lat": 54.512081, "lon": 20.00337, "slug": "znamenka", "line": [4]}}, {"model": "stations.station", "pk": 40, "fields": {"name": "Знаменск", "lat": 54.615082, "lon": 21.214875, "slug": "znamensk", "line": [2]}}, {"model": "stations.station", "pk": 41, "fields": {"name": "Калининград-Северный", "lat": 54.721515, "lon": 20.501028, "slug": "kaliningrad-severnyi", "line": [1, 6, 7]}}, {"model": "stations.station", "pk": 42, "fields": {"name": "Калининград-Южный", "lat": 54.693758, "lon": 20.498955, "slug": "kaliningrad-iuzhnyi", "line": [1, 2, 3, 4, 5, 6, 7]}}, {"model": "stations.station", "pk": 43, "fields": {"name": "Каштановка", "lat": 54.868569, "lon": 20.492995, "slug": "kashtanovka", "line": [7]}}, {"model": "stations.station", "pk": 44, "fields": {"name": "Киевская", "lat": 54.682003, "lon": 20.470333, "slug": "kievskaia", "line": [4]}}, {"model": "stations.station", "pk": 45, "fields": {"name": "Колосовка", "lat": 54.801919, "lon": 20.303686, "slug": "kolosovka", "line": [6]}}, {"model": "stations.station", "pk": 46, "fields": {"name": "Комсомольск", "lat": 54.624597, "lon": 20.755409, "slug": "komsomolsk", "line": [2]}}, {"model": "stations.station", "pk": 47, "fields": {"name": "Константиновка", "lat": 54.80712, "lon": 20.68925, "slug": "konstantinovka", "line": [1]}}, {"model": "stations.station", "pk": 48, "fields": {"name": "Куликово", "lat": 54.930067, "lon": 20.323643, "slug": "kulikovo", "line": [7]}}, {"model": "stations.station", "pk": 49, "fields": {"name": "Кутузово", "lat": 54.746389, "lon": 20.532541, "slug": "kutuzovo", "line": [1, 7]}}, {"model": "stations.station", "pk": 50, "fields": {"name": "Ладушкин", "lat": 54.570767, "lon": 20.176925, "slug": "ladushkin", "line": [4]}}, {"model": "stations.station", "pk": 51, "fields": {"name": "Лесное", "lat": 54.728404, "lon": 20.364655, "slug": "lesnoe", "line": [5]}}, {"model": "stations.station", "pk": 52, "fields": {"name": "Луговое", "lat": 54.65211, "lon": 20.62319, "slug": "lugovoe", "line": [2]}}, {"model": "stations.station", "pk": 53, "fields": {"name": "Люблино", "lat": 54.736473, "lon": 20.299572, "slug": "liublino", "line": [5]}}, {"model": "stations.station", "pk": 54, "fields": {"name": "Малиновка", "lat": 54.949606, "lon": 20.440275, "slug": "malinovka", "line": [7]}}, {"model": "stations.station", "pk": 55, "fields": {"name": "Мамоново", "lat": 54.464335, "lon": 19.934739, "slug": "mamonovo", "line": [4]}}, {"model": "stations.station", "pk": 56, "fields": {"name": "Междуречье", "lat": 54.619539, "lon": 21.543814, "slug": "mezhdureche", "line": [2]}}, {"model": "stations.station", "pk": 57, "fields": {"name": "Мечниково", "lat": 54.682575, "lon": 19.93211, "slug": "mechnikovo", "line": [5]}}, {"model": "stations.station", "pk": 58, "fields": {"name": "Муромское", "lat": 54.895004, "lon": 20.48702, "slug": "muromskoe", "line": [7]}}, {"model": "stations.station", "pk": 59, "fields": {"name": "Нестеров", "lat": 54.628826, "lon": 22.578809, "slug": "nesterov", "line": [2]}}, {"model": "stations.station", "pk": 60, "fields": {"name": "Озерки", "lat": 54.630507, "lon": 20.895491, "slug": "ozerki", "line": [2]}}, {"model": "stations.station", "pk": 61, "fields": {"name": "Отважное", "lat": 54.616706, "lon": 20.549753, "slug": "otvazhnoe", "line": [3]}}, {"model": "stations.station", "pk": 62, "fields": {"name": "Пастухово", "lat": 54.614858, "lon": 21.653461, "slug": "pastukhovo", "line": [2]}}, {"model": "stations.station", "pk": 63, "fields": {"name": "Переславское", "lat": 54.840652, "lon": 20.252111, "slug": "pereslavskoe", "line": [6]}}, {"model": "stations.station", "pk": 64, "fields": {"name": "Петино", "lat": 54.839817, "lon": 21.276894, "slug": "petino", "line": [1]}}, {"model": "stations.station", "pk": 65, "fields": {"name": "Пионерский Курорт", "lat": 54.949136, "lon": 20.225338, "slug": "pionerskii-kurort", "line": [6, 7]}}, {"model": "stations.station", "pk": 66, "fields": {"name": "Полесск", "lat": 54.855486, "lon": 21.10068, "slug": "polessk", "line": [1]}}, {"model": "stations.station", "pk": 67, "fields": {"name": "Приморск", "lat": 54.732142, "lon": 20.003703, "slug": "primorsk", "line": [5]}}, {"model": "stations.station", "pk": 68, "fields": {"name": "Приморское", "lat": 54.543898, "lon": 20.058653, "slug": "primorskoe", "line": [4]}}, {"model": "stations.station", "pk": 69, "fields": {"name": "Приморье", "lat": 54.950535, "lon": 20.454158, "slug": "primore", "line": [7]}}, {"model": "stations.station", "pk": 70, "fields": {"name": "Пушкарёво", "lat": 54.621909, "lon": 21.379511, "slug": "pushkarevo", "line": [2]}}, {"model": "stations.station", "pk": 71, "fields": {"name": "Ржевское", "lat": 55.073669, "lon": 21.72743, "slug": "rzhevskoe", "line": [1]}}, {"model": "stations.station", "pk": 72, "fields": {"name": "Романово", "lat": 54.897982, "lon": 20.238846, "slug": "romanovo", "line": [6]}}, {"model": "stations.station", "pk": 73, "fields": {"name": "Рощино", "lat": 54.92881, "lon": 20.362897, "slug": "roshchino", "line": [7]}}, {"model": "stations.station", "pk": 74, "fields": {"name": "Рябиновка", "lat": 54.827468, "lon": 20.507348, "slug": "riabinovka", "line": [7]}}, {"model": "stations.station", "pk": 75, "fields": {"name": "Светлогорск-1", "lat": 54.933378, "lon": 20.16071, "slug": "svetlogorsk-1", "line": [6, 7]}}, {"model": "stations.station", "pk": 76, "fields": {"name": "Светлогорск-2", "lat": 54.944111, "lon": 20.14682, "slug": "svetlogorsk-2", "line": [6, 7]}}, {"model": "stations.station", "pk": 77, "fields": {"name": "Светлое", "lat": 54.578993, "lon": 20.356141, "slug": "svetloe", "line": [4]}}, {"model": "stations.station", "pk": 78, "fields": {"name": "Сельма", "lat": 54.739533, "lon": 20.483441, "slug": "selma", "line": [6]}}, {"model": "stations.station", "pk": 79, "fields": {"name": "Славск", "lat": 55.043137, "lon": 21.659735, "slug": "slavsk", "line": [1]}}, {"model": "stations.station", "pk": 80, "fields": {"name": "Славянское", "lat": 54.83922, "lon": 20.974458, "slug": "slavianskoe", "line": [1]}}, {"model": "stations.station", "pk": 81, "fields": {"name": "Советск", "lat": 55.082759, "lon": 21.879656, "slug": "sovetsk", "line": [1]}}, {"model": "stations.station", "pk": 82, "fields": {"name": "Сокольники-1", "lat": 54.943536, "lon": 20.413334, "slug": "sokolniki-1", "line": [7]}}, {"model": "stations.station", "pk": 83, "fields": {"name": "Сокольники-2", "lat": 54.938916, "lon": 20.396884, "slug": "sokolniki-2", "line": [7]}}, {"model": "stations.station", "pk": 84, "fields": {"name": "Сосновка", "lat": 54.93316, "lon": 20.490004, "slug": "sosnovka", "line": [7]}}, {"model": "stations.station", "pk": 85, "fields": {"name": "Сосновый Бор", "lat": 54.556916, "lon": 20.113188, "slug": "sosnovyi-bor", "line": [4]}}, {"model": "stations.station", "pk": 86, "fields": {"name": "Стрельня", "lat": 54.507348, "lon": 20.582091, "slug": "strelnia", "line": [3]}}, {"model": "stations.station", "pk": 87, "fields": {"name": "Чернышевское", "lat": 54.636907, "lon": 22.734524, "slug": "chernyshevskoe", "line": [2]}}, {"model": "stations.station", "pk": 88, "fields": {"name": "Черняховск", "lat": 54.628576, "lon": 21.818842, "slug": "cherniakhovsk", "line": [2]}}, {"model": "stations.station", "pk": 89, "fields": {"name": "Чкаловск", "lat": 54.764818, "lon": 20.445629, "slug": "chkalovsk", "line": [6]}}, {"model": "stations.station", "pk": 90, "fields": {"name": "Шиповка", "lat": 54.740995, "lon": 20.187848, "slug": "shipovka", "line": [5]}}, {"model": "stations.station", "pk": 91, "fields": {"name": "Шолохово", "lat": 54.84274, "lon": 21.210077, "slug": "sholokhovo", "line": [1]}}, {"model": "stations.station", "pk": 92, "fields": {"name": "Щегловка", "lat": 55.079213, "lon": 21.650432, "slug": "shcheglovka", "line": [1]}}, {"model": "trains.train", "pk": 6302, "fields": {"line": 4, "from_station": 55, "to_station": 42, "timetable": {"06:30": "55", "06:34": "17", "06:40": "39", "06:46": "68", "06:51": "85", "06:55": "50", "07:00": "16", "07:05": "15", "07:09": "14", "07:13": "77", "07:18": "13", "07:21": "29", "07:31": "44", "07:36": "42"}, "days": [1, 2, 3, 4, 5]}}, {"model": "trains.train", "pk": 6305, "fields": {"line": 4, "from_station": 42, "to_station": 55, "timetable": {"10:10": "42", "10:16": "44", "10:25": "29", "10:29": "13", "10:33": "77", "10:37": "14", "10:41": "15", "10:46": "16", "10:51": "50", "10:56": "85", "11:01": "68", "11:07": "39", "11:13": "17", "11:18": "55"}, "days": [6, 7]}}, {"model": "trains.train", "pk": 6307, "fields": {"line": 4, "from_station": 42, "to_station": 55, "timetable": {"18:10": "42", "18:16": "44", "18:24": "29", "18:28": "13", "18:32": "77", "18:36": "14", "18:40": "15", "18:45": "16", "18:50": "50", "18:55": "85", "19:00": "68", "19:06": "39", "19:12": "17", "19:17": "55"}, "days": [1, 2, 3, 4, 5]}}, {"model": "trains.train", "pk": 6308, "fields": {"line": 4, "from_station": 55, "to_station": 42, "timetable": {"16:22": "55", "16:26": "17", "16:32": "39", "16:38": "68", "16:43": "85", "16:47": "50", "16:52": "16", "16:57": "15", "17:01": "14", "17:05": "77", "17:10": "13", "17:14": "29", "17:24": "44", "17:29": "42"}, "days": [6, 7]}}, {"model": "trains.train", "pk": 6310, "fields": {"line": 4, "from_station": 55, "to_station": 42, "timetable": {"19:45": "55", "19:49": "17", "19:55": "39", "20:01": "68", "20:06": "85", "20:10": "50", "20:15": "16", "20:20": "15", "20:24": "14", "20:28": "77", "20:33": "13", "20:36": "29", "20:46": "44", "20:51": "42"}, "days": [1, 2, 3, 4, 5]}}, {"model": "trains.train", "pk": 6311, "fields": {"line": 3, "from_station": 19, "to_station": 42, "timetable": {"06:13": "19", "06:30": "86", "06:33": "7", "06:36": "5", "06:45": "27", "06:50": "61", "06:58": "1", "07:05": "42"}, "days": [1, 2, 3, 4, 5]}}, {"model": "trains.train", "pk": 6314, "fields": {"line": 3, "from_station": 42, "to_station": 19, "timetable": {"08:35": "42", "08:42": "1", "08:51": "61", "08:57": "27", "09:04": "5", "09:07": "7", "09:14": "86", "09:29": "19"}, "days": [1, 2, 3, 4, 5]}}, {"model": "trains.train", "pk": 6315, "fields": {"line": 3, "from_station": 19, "to_station": 42, "timetable": {"14:14": "19", "14:31": "86", "14:34": "7", "14:37": "5", "14:46": "27", "14:51": "61", "15:01": "1", "15:08": "42"}, "days": [6, 7]}}, {"model": "trains.train", "pk": 6316, "fields": {"line": 3, "from_station": 42, "to_station": 19, "timetable": {"17:20": "42", "17:27": "1", "17:36": "61", "17:42": "27", "17:49": "5", "17:52": "7", "17:59": "86", "18:15": "19"}, "days": [6, 7]}}, {"model": "trains.train", "pk": 6381, "fields": {"line": 1, "from_station": 81, "to_station": 42, "timetable": {"06:32": "81", "06:42": "10", "06:47": "71", "06:53": "92", "06:58": "79", "07:13": "24", "07:21": "36", "07:31": "23", "07:36": "64", "07:41": "91", "07:50": "66", "07:57": "80", "08:05": "34", "08:10": "21", "08:15": "20", "08:20": "47", "08:25": "31", "08:31": "30", "08:39": "49", "08:46": "41", "08:52": "42"}, "days": [1, 2, 3, 4, 5, 6]}}, {"model": "trains.train", "pk": 6385, "fields": {"line": 1, "from_station": 42, "to_station": 81, "timetable": {"18:14": "42", "18:23": "41", "18:29": "49", "18:38": "30", "18:43": "31", "18:47": "47", "18:52": "20", "18:56": "21", "19:01": "34", "19:09": "80", "19:17": "66", "19:24": "91", "19:29": "64", "19:35": "23", "19:45": "36", "19:54": "24", "20:08": "79", "20:12": "92", "20:18": "71", "20:22": "10", "20:33": "81"}, "days": [1, 2, 3, 4, 5, 6]}}, {"model": "trains.train", "pk": 6387, "fields": {"line": 1, "from_station": 81, "to_station": 42, "timetable": {"17:58": "81", "18:10": "10", "18:14": "71", "18:20": "92", "18:25": "79", "18:39": "24", "18:49": "36", "18:58": "23", "19:03": "64", "19:08": "91", "19:18": "66", "19:25": "80", "19:33": "34", "19:40": "21", "19:44": "20", "19:49": "47", "19:54": "31", "19:59": "30", "20:08": "49", "20:15": "41", "20:21": "42"}, "days": [7]}}, {"model": "trains.train", "pk": 6400, "fields": {"line": 5, "from_station": 22, "to_station": 42, "timetable": {"06:33": "22", "06:37": "9", "06:41": "57", "06:48": "67", "06:55": "8", "07:02": "90", "07:07": "4", "07:12": "53", "07:15": "3", "07:19": "51", "07:25": "25", "07:30": "37", "07:38": "42"}, "days": [1, 2, 3, 4, 5]}}, {"model": "trains.train", "pk": 6407, "fields": {"line": 5, "from_station": 42, "to_station": 22, "timetable": {"17:45": "42", "17:54": "37", "17:58": "25", "18:04": "51", "18:08": "3", "18:11": "53", "18:15": "4", "18:20": "90", "18:27": "8", "18:33": "67", "18:40": "57", "18:44": "9", "18:48": "22"}, "days": [1, 2, 3, 4, 5]}}, {"model": "trains.train", "pk": 6501, "fields": {"line": 2, "from_station": 87, "to_station": 42, "timetable": {"06:05": "87", "06:17": "59", "06:29": "33", "06:41": "32", "06:52": "26", "07:07": "88", "07:17": "62", "07:24": "56", "07:33": "70", "07:41": "40", "07:49": "28", "07:55": "11", "08:02": "60", "08:10": "46", "08:14": "12", "08:19": "52", "08:25": "18", "08:34": "42"}, "days": [1, 2, 3, 4, 5]}}, {"model": "trains.train", "pk": 6508, "fields": {"line": 2, "from_station": 42, "to_station": 87, "timetable": {"18:40": "42", "18:48": "18", "18:54": "52", "18:59": "12", "19:04": "46", "19:11": "60", "19:17": "11", "19:24": "28", "19:32": "40", "19:41": "70", "19:51": "56", "19:59": "62", "20:12": "88", "20:25": "26", "20:36": "32", "20:48": "33", "21:00": "59", "21:10": "87"}, "days": [1, 2, 3, 4, 5]}}, {"model": "trains.train", "pk": 6700, "fields": {"line": 6, "from_station": 76, "to_station": 42, "timetable": {"06:30": "76", "06:36": "75", "06:42": "65", "06:48": "72", "06:55": "63", "06:58": "6", "07:02": "45", "07:07": "35", "07:14": "89", "07:18": "78", "07:24": "41", "07:31": "42"}, "days": [1, 2, 3, 4, 5]}}, {"model": "trains.train", "pk": 6701, "fields": {"line": 6, "from_station": 42, "to_station": 76, "timetable": {"06:18": "42", "06:26": "41", "06:30": "78", "06:35": "89", "06:41": "35", "06:46": "45", "06:49": "6", "06:54": "63", "07:01": "72", "07:07": "65", "07:14": "75", "07:19": "76"}, "days": [1, 2, 3, 4, 5, 6]}}, {"model": "trains.train", "pk": 6702, "fields": {"line": 6, "from_station": 76, "to_station": 42, "timetable": {"07:39": "76", "07:45": "75", "07:51": "65", "07:57": "72", "08:03": "63", "08:06": "6", "08:10": "45", "08:15": "35", "08:22": "89", "08:26": "78", "08:32": "41", "08:39": "42"}, "days": [1, 2, 3, 4, 5, 6]}}, {"model": "trains.train", "pk": 6703, "fields": {"line": 6, "from_station": 42, "to_station": 76, "timetable": {"07:41": "42", "07:49": "41", "07:53": "78", "07:58": "89", "08:04": "35", "08:11": "45", "08:15": "6", "08:21": "63", "08:27": "72", "08:33": "65", "08:40": "75", "08:45": "76"}, "days": [1, 2, 3, 4, 5, 6, 7]}}, {"model": "trains.train", "pk": 6704, "fields": {"line": 6, "from_station": 76, "to_station": 42, "timetable": {"08:57": "76", "09:03": "75", "09:09": "65", "09:15": "72", "09:21": "63", "09:25": "6", "09:29": "45", "09:34": "35", "09:42": "89", "09:48": "78", "09:53": "41", "10:00": "42"}, "days": [1, 2, 3, 4, 5, 6, 7]}}, {"model": "trains.train", "pk": 6709, "fields": {"line": 6, "from_station": 42, "to_station": 76, "timetable": {"11:00": "42", "11:09": "41", "11:14": "78", "11:20": "89", "11:26": "35", "11:31": "45", "11:34": "6", "11:38": "63", "11:44": "72", "11:51": "65", "11:58": "75", "12:03": "76"}, "days": [1, 2, 3, 4, 5, 6, 7]}}, {"model": "trains.train", "pk": 6710, "fields": {"line": 6, "from_station": 76, "to_station": 42, "timetable": {"12:37": "76", "12:43": "75", "12:50": "65", "12:56": "72", "13:02": "63", "13:06": "6", "13:09": "45", "13:14": "35", "13:21": "89", "13:26": "78", "13:31": "41", "13:38": "42"}, "days": [1, 2, 3, 4, 5, 6, 7]}}, {"model": "trains.train", "pk": 6713, "fields": {"line": 6, "from_station": 42, "to_station": 76, "timetable": {"13:00": "42", "13:09": "41", "13:14": "78", "13:21": "89", "13:27": "35", "13:32": "45", "13:35": "6", "13:39": "63", "13:45": "72", "13:51": "65", "13:58": "75", "14:03": "76"}, "days": [1, 2, 3, 4, 5, 6, 7]}}, {"model": "trains.train", "pk": 6716, "fields": {"line": 6, "from_station": 76, "to_station": 42, "timetable": {"15:40": "76", "15:46": "75", "15:53": "65", "15:59": "72", "16:07": "63", "16:11": "6", "16:14": "45", "16:19": "35", "16:26": "89", "16:30": "78", "16:35": "41", "16:42": "42"}, "days": [1, 2, 3, 4, 5, 6, 7]}}, {"model": "trains.train", "pk": 6717, "fields": {"line": 6, "from_station": 42, "to_station": 76, "timetable": {"15:30": "42", "15:39": "41", "15:43": "78", "15:49": "89", "15:55": "35", "16:00": "45", "16:03": "6", "16:07": "63", "16:13": "72", "16:19": "65", "16:26": "75", "16:31": "76"}, "days": [1, 2, 3, 4, 5, 6, 7]}}, {"model": "trains.train", "pk": 6718, "fields": {"line": 6, "from_station": 76, "to_station": 42, "timetable": {"16:42": "76", "16:48": "75", "16:55": "65", "17:01": "72", "17:09": "63", "17:13": "6", "17:16": "45", "17:21": "35", "17:28": "89", "17:32": "78", "17:37": "41", "17:44": "42"}, "days": [1, 2, 3, 4, 5, 6, 7]}}, {"model": "trains.train", "pk": 6721, "fields": {"line": 6, "from_station": 42, "to_station": 76, "timetable": {"17:40": "42", "17:49": "41", "17:53": "78", "17:58": "89", "18:04": "35", "18:09": "45", "18:12": "6", "18:16": "63", "18:22": "72", "18:29": "65", "18:36": "75", "18:41": "76"}, "days": [1, 2, 3, 4, 5, 6, 7]}}, {"model": "trains.train", "pk": 6722, "fields": {"line": 6, "from_station": 76, "to_station": 42, "timetable": {"18:57": "76", "19:03": "75", "19:10": "65", "19:19": "63", "19:23": "6", "19:26": "45", "19:31": "35", "19:38": "89", "19:42": "78", "19:47": "41", "19:54": "42"}, "days": [1, 2, 3, 4, 5, 6, 7]}}, {"model": "trains.train", "pk": 6723, "fields": {"line": 6, "from_station": 42, "to_station": 76, "timetable": {"18:41": "42", "18:50": "41", "18:54": "78", "18:59": "89", "19:05": "35", "19:10": "45", "19:14": "6", "19:19": "63", "19:25": "72", "19:32": "65", "19:39": "75", "19:44": "76"}, "days": [1, 2, 3, 4, 5, 6, 7]}}, {"model": "trains.train", "pk": 6724, "fields": {"line": 6, "from_station": 76, "to_station": 42, "timetable": {"20:12": "76", "20:18": "75", "20:26": "65", "20:32": "72", "20:38": "63", "20:42": "6", "20:45": "45", "20:50": "35", "20:58": "89", "21:05": "78", "21:11": "41", "21:18": "42"}, "days": [1, 2, 3, 4, 5, 6, 7]}}, {"model": "trains.train", "pk": 6725, "fields": {"line": 6, "from_station": 42, "to_station": 76, "timetable": {"19:19": "42", "19:28": "41", "19:32": "78", "19:37": "89", "19:43": "35", "19:48": "45", "19:52": "6", "19:56": "63", "20:03": "72", "20:11": "65", "20:18": "75", "20:23": "76"}, "days": [1, 2, 3, 4, 5]}}, {"model": "trains.train", "pk": 6801, "fields": {"line": 7, "from_station": 42, "to_station": 38, "timetable": {"06:38": "42", "06:46": "41", "06:51": "49", "06:58": "2", "07:02": "74", "07:07": "43", "07:11": "58", "07:16": "84", "07:22": "38"}, "days": [1, 2, 3, 4, 5, 6]}}, {"model": "trains.train", "pk": 6803, "fields": {"line": 7, "from_station": 42, "to_station": 76, "timetable": {"08:00": "42", "08:09": "41", "08:15": "49", "08:22": "2", "08:27": "74", "08:32": "43", "08:36": "58", "08:41": "84", "08:47": "38", "09:03": "69", "09:06": "54", "09:09": "82", "09:12": "83", "09:16": "73", "09:19": "48", "09:27": "65", "09:34": "75", "09:39": "76"}, "days": [1, 2, 3, 4, 5, 6, 7]}}, {"model": "trains.train", "pk": 6805, "fields": {"line": 7, "from_station": 42, "to_station": 38, "timetable": {"10:15": "42", "10:24": "41", "10:30": "49", "10:37": "2", "10:42": "74", "10:47": "43", "10:51": "58", "10:56": "84", "11:02": "38"}, "days": [1, 2, 3, 4, 5, 6, 7]}}, {"model": "trains.train", "pk": 6807, "fields": {"line": 7, "from_station": 42, "to_station": 75, "timetable": {"12:16": "42", "12:25": "41", "12:31": "49", "12:38": "2", "12:42": "74", "12:46": "43", "12:50": "58", "12:55": "84", "13:01": "38", "13:18": "54", "13:21": "82", "13:24": "83", "13:28": "73", "13:31": "48", "13:38": "65", "13:44": "75"}, "days": [1, 2, 3, 4, 5, 6, 7]}}, {"model": "trains.train", "pk": 6809, "fields": {"line": 7, "from_station": 42, "to_station": 38, "timetable": {"14:17": "42", "14:26": "41", "14:32": "49", "14:39": "2", "14:44": "74", "14:49": "43", "14:53": "58", "14:58": "84", "15:04": "38"}, "days": [1, 2, 3, 4, 5, 6, 7]}}, {"model": "trains.train", "pk": 6811, "fields": {"line": 7, "from_station": 42, "to_station": 38, "timetable": {"16:18": "42", "16:27": "41", "16:33": "49", "16:40": "2", "16:45": "74", "16:50": "43", "16:54": "58", "16:59": "84", "17:05": "38"}, "days": [1, 2, 3, 4, 5, 6, 7]}}, {"model": "trains.train", "pk": 6813, "fields": {"line": 7, "from_station": 42, "to_station": 38, "timetable": {"17:55": "42", "18:04": "41", "18:10": "49", "18:17": "2", "18:22": "74", "18:27": "43", "18:31": "58", "18:36": "84", "18:42": "38"}, "days": [1, 2, 3, 4, 5, 6, 7]}}, {"model": "trains.train", "pk": 6815, "fields": {"line": 7, "from_station": 42, "to_station": 38, "timetable": {"18:49": "42", "18:58": "41", "19:04": "49", "19:11": "2", "19:16": "74", "19:21": "43", "19:25": "58", "19:30": "84", "19:38": "38"}, "days": [1, 2, 3, 4, 5, 6, 7]}}, {"model": "trains.train", "pk": 6819, "fields": {"line": 7, "from_station": 42, "to_station": 76, "timetable": {"19:55": "42", "20:04": "41", "20:11": "49", "20:18": "2", "20:23": "74", "20:28": "43", "20:32": "58", "20:37": "84", "20:43": "38", "21:03": "69", "21:06": "54", "21:09": "82", "21:12": "83", "21:16": "73", "21:19": "48", "21:26": "65", "21:33": "75", "21:38": "76"}, "days": [1, 2, 3, 4, 5]}}, {"model": "auth.permission", "pk": 1, "fields": {"name": "Can add log entry", "content_type": ["admin", "logentry"], "codename": "add_logentry"}}, {"model": "auth.permission", "pk": 2, "fields": {"name": "Can change log entry", "content_type": ["admin", "logentry"], "codename": "change_logentry"}}, {"model": "auth.permission", "pk": 3, "fields": {"name": "Can delete log entry", "content_type": ["admin", "logentry"], "codename": "delete_logentry"}}, {"model": "auth.permission", "pk": 4, "fields": {"name": "Can view log entry", "content_type": ["admin", "logentry"], "codename": "view_logentry"}}, {"model": "auth.permission", "pk": 5, "fields": {"name": "Can add permission", "content_type": ["auth", "permission"], "codename": "add_permission"}}, {"model": "auth.permission", "pk": 6, "fields": {"name": "Can change permission", "content_type": ["auth", "permission"], "codename": "change_permission"}}, {"model": "auth.permission", "pk": 7, "fields": {"name": "Can delete permission", "content_type": ["auth", "permission"], "codename": "delete_permission"}}, {"model": "auth.permission", "pk": 8, "fields": {"name": "Can view permission", "content_type": ["auth", "permission"], "codename": "view_permission"}}, {"model": "auth.permission", "pk": 9, "fields": {"name": "Can add group", "content_type": ["auth", "group"], "codename": "add_group"}}, {"model": "auth.permission", "pk": 10, "fields": {"name": "Can change group", "content_type": ["auth", "group"], "codename": "change_group"}}, {"model": "auth.permission", "pk": 11, "fields": {"name": "Can delete group", "content_type": ["auth", "group"], "codename": "delete_group"}}, {"model": "auth.permission", "pk": 12, "fields": {"name": "Can view group", "content_type": ["auth", "group"], "codename": "view_group"}}, {"model": "auth.permission", "pk": 13, "fields": {"name": "Can add user", "content_type": ["auth", "user"], "codename": "add_user"}}, {"model": "auth.permission", "pk": 14, "fields": {"name": "Can change user", "content_type": ["auth", "user"], "codename": "change_user"}}, {"model": "auth.permission", "pk": 15, "fields": {"name": "Can delete user", "content_type": ["auth", "user"], "codename": "delete_user"}}, {"model": "auth.permission", "pk": 16, "fields": {"name": "Can view user", "content_type": ["auth", "user"], "codename": "view_user"}}, {"model": "auth.permission", "pk": 17, "fields": {"name": "Can add content type", "content_type": ["contenttypes", "contenttype"], "codename": "add_contenttype"}}, {"model": "auth.permission", "pk": 18, "fields": {"name": "Can change content type", "content_type": ["contenttypes", "contenttype"], "codename": "change_contenttype"}}, {"model": "auth.permission", "pk": 19, "fields": {"name": "Can delete content type", "content_type": ["contenttypes", "contenttype"], "codename": "delete_contenttype"}}, {"model": "auth.permission", "pk": 20, "fields": {"name": "Can view content type", "content_type": ["contenttypes", "contenttype"], "codename": "view_contenttype"}}, {"model": "auth.permission", "pk": 21, "fields": {"name": "Can add session", "content_type": ["sessions", "session"], "codename": "add_session"}}, {"model": "auth.permission", "pk": 22, "fields": {"name": "Can change session", "content_type": ["sessions", "session"], "codename": "change_session"}}, {"model": "auth.permission", "pk": 23, "fields": {"name": "Can delete session", "content_type": ["sessions", "session"], "codename": "delete_session"}}, {"model": "auth.permission", "pk": 24, "fields": {"name": "Can view session", "content_type": ["sessions", "session"], "codename": "view_session"}}, {"model": "auth.permission", "pk": 25, "fields": {"name": "Can add station", "content_type": ["stations", "station"], "codename": "add_station"}}, {"model": "auth.permission", "pk": 26, "fields": {"name": "Can change station", "content_type": ["stations", "station"], "codename": "change_station"}}, {"model": "auth.permission", "pk": 27, "fields": {"name": "Can delete station", "content_type": ["stations", "station"], "codename": "delete_station"}}, {"model": "auth.permission", "pk": 28, "fields": {"name": "Can view station", "content_type": ["stations", "station"], "codename": "view_station"}}, {"model": "auth.permission", "pk": 29, "fields": {"name": "Can add train", "content_type": ["trains", "train"], "codename": "add_train"}}, {"model": "auth.permission", "pk": 30, "fields": {"name": "Can change train", "content_type": ["trains", "train"], "codename": "change_train"}}, {"model": "auth.permission", "pk": 31, "fields": {"name": "Can delete train", "content_type": ["trains", "train"], "codename": "delete_train"}}, {"model": "auth.permission", "pk": 32, "fields": {"name": "Can view train", "content_type": ["trains", "train"], "codename": "view_train"}}, {"model": "auth.permission", "pk": 33, "fields": {"name": "Can add line", "content_type": ["stations", "line"], "codename": "add_line"}}, {"model": "auth.permission", "pk": 34, "fields": {"name": "Can change line", "content_type": ["stations", "line"], "codename": "change_line"}}, {"model": "auth.permission", "pk": 35, "fields": {"name": "Can delete line", "content_type": ["stations", "line"], "codename": "delete_line"}}, {"model": "auth.permission", "pk": 36, "fields": {"name": "Can view line", "content_type": ["stations", "line"], "codename": "view_line"}}, {"model": "auth.user", "pk": 1, "fields": {"password": "pbkdf2_sha256$260000$es4ASukbExElxOIq2MjYu6$Q0lf6XPRqqag4kxiVhS9Zs8OiGJyf8MvpwB9F+mixHM=", "last_login": "2021-12-17T03:44:34.224Z", "is_superuser": true, "username": "admin", "first_name": "", "last_name": "", "email": "", "is_staff": true, "is_active": true, "date_joined": "2021-12-13T18:21:52.105Z", "groups": [], "user_permissions": []}}, {"model": "admin.logentry", "pk": 1, "fields": {"action_time": "2021-12-13T18:23:17.672Z", "user": ["admin"], "content_type": ["trains", "train"], "object_id": "6316", "object_repr": "Train object (6316)", "action_flag": 2, "change_message": "[{\"changed\": {\"fields\": [\"Days\"]}}]"}}, {"model": "admin.logentry", "pk": 2, "fields": {"action_time": "2021-12-13T18:23:26.750Z", "user": ["admin"], "content_type": ["trains", "train"], "object_id": "6315", "object_repr": "Train object (6315)", "action_flag": 2, "change_message": "[{\"changed\": {\"fields\": [\"Days\"]}}]"}}, {"model": "admin.logentry", "pk": 3, "fields": {"action_time": "2021-12-13T18:23:35.966Z", "user": ["admin"], "content_type": ["trains", "train"], "object_id": "6314", "object_repr": "Train object (6314)", "action_flag": 2, "change_message": "[{\"changed\": {\"fields\": [\"Days\"]}}]"}}, {"model": "admin.logentry", "pk": 4, "fields": {"action_time": "2021-12-13T18:23:42.526Z", "user": ["admin"], "content_type": ["trains", "train"], "object_id": "6311", "object_repr": "Train object (6311)", "action_flag": 2, "change_message": "[{\"changed\": {\"fields\": [\"Days\"]}}]"}}, {"model": "admin.logentry", "pk": 5, "fields": {"action_time": "2021-12-13T19:39:33.519Z", "user": ["admin"], "content_type": ["trains", "train"], "object_id": "6316", "object_repr": "Train object (6316)", "action_flag": 2, "change_message": "[{\"changed\": {\"fields\": [\"Timetable\"]}}]"}}, {"model": "admin.logentry", "pk": 6, "fields": {"action_time": "2021-12-13T19:42:02.607Z", "user": ["admin"], "content_type": ["trains", "train"], "object_id": "6316", "object_repr": "Train object (6316)", "action_flag": 3, "change_message": ""}}, {"model": "admin.logentry", "pk": 7, "fields": {"action_time": "2021-12-13T19:42:03.123Z", "user": ["admin"], "content_type": ["trains", "train"], "object_id": "6315", "object_repr": "Train object (6315)", "action_flag": 3, "change_message": ""}}, {"model": "admin.logentry", "pk": 8, "fields": {"action_time": "2021-12-13T19:42:03.409Z", "user": ["admin"], "content_type": ["trains", "train"], "object_id": "6314", "object_repr": "Train object (6314)", "action_flag": 3, "change_message": ""}}, {"model": "admin.logentry", "pk": 9, "fields": {"action_time": "2021-12-13T19:42:03.617Z", "user": ["admin"], "content_type": ["trains", "train"], "object_id": "6311", "object_repr": "Train object (6311)", "action_flag": 3, "change_message": ""}}, {"model": "admin.logentry", "pk": 10, "fields": {"action_time": "2021-12-13T19:44:24.024Z", "user": ["admin"], "content_type": ["trains", "train"], "object_id": "6316", "object_repr": "Train object (6316)", "action_flag": 3, "change_message": ""}}, {"model": "admin.logentry", "pk": 11, "fields": {"action_time": "2021-12-13T19:44:24.237Z", "user": ["admin"], "content_type": ["trains", "train"], "object_id": "6315", "object_repr": "Train object (6315)", "action_flag": 3, "change_message": ""}}, {"model": "admin.logentry", "pk": 12, "fields": {"action_time": "2021-12-13T19:44:24.583Z", "user": ["admin"], "content_type": ["trains", "train"], "object_id": "6314", "object_repr": "Train object (6314)", "action_flag": 3, "change_message": ""}}, {"model": "admin.logentry", "pk": 13, "fields": {"action_time": "2021-12-13T19:44:24.862Z", "user": ["admin"], "content_type": ["trains", "train"], "object_id": "6311", "object_repr": "Train object (6311)", "action_flag": 3, "change_message": ""}}, {"model": "admin.logentry", "pk": 14, "fields": {"action_time": "2021-12-13T20:00:24.702Z", "user": ["admin"], "content_type": ["trains", "train"], "object_id": "6316", "object_repr": "Train object (6316)", "action_flag": 3, "change_message": ""}}, {"model": "admin.logentry", "pk": 15, "fields": {"action_time": "2021-12-13T20:00:24.927Z", "user": ["admin"], "content_type": ["trains", "train"], "object_id": "6315", "object_repr": "Train object (6315)", "action_flag": 3, "change_message": ""}}, {"model": "admin.logentry", "pk": 16, "fields": {"action_time": "2021-12-13T20:00:25.067Z", "user": ["admin"], "content_type": ["trains", "train"], "object_id": "6314", "object_repr": "Train object (6314)", "action_flag": 3, "change_message": ""}}, {"model": "admin.logentry", "pk": 17, "fields": {"action_time": "2021-12-13T20:00:25.225Z", "user": ["admin"], "content_type": ["trains", "train"], "object_id": "6311", "object_repr": "Train object (6311)", "action_flag": 3, "change_message": ""}}, {"model": "admin.logentry", "pk": 18, "fields": {"action_time": "2021-12-13T20:00:25.717Z", "user": ["admin"], "content_type": ["trains", "train"], "object_id": "6316", "object_repr": "Train object (6316)", "action_flag": 3, "change_message": ""}}, {"model": "admin.logentry", "pk": 19, "fields": {"action_time": "2021-12-13T20:00:26.126Z", "user": ["admin"], "content_type": ["trains", "train"], "object_id": "6315", "object_repr": "Train object (6315)", "action_flag": 3, "change_message": ""}}, {"model": "admin.logentry", "pk": 20, "fields": {"action_time": "2021-12-13T20:00:26.435Z", "user": ["admin"], "content_type": ["trains", "train"], "object_id": "6314", "object_repr": "Train object (6314)", "action_flag": 3, "change_message": ""}}, {"model": "admin.logentry", "pk": 21, "fields": {"action_time": "2021-12-13T20:00:26.622Z", "user": ["admin"], "content_type": ["trains", "train"], "object_id": "6311", "object_repr": "Train object (6311)", "action_flag": 3, "change_message": ""}}, {"model": "admin.logentry", "pk": 22, "fields": {"action_time": "2021-12-13T21:01:20.896Z", "user": ["admin"], "content_type": ["trains", "train"], "object_id": "6316", "object_repr": "Train object (6316)", "action_flag": 3, "change_message": ""}}, {"model": "admin.logentry", "pk": 23, "fields": {"action_time": "2021-12-13T21:01:21.022Z", "user": ["admin"], "content_type": ["trains", "train"], "object_id": "6315", "object_repr": "Train object (6315)", "action_flag": 3, "change_message": ""}}, {"model": "admin.logentry", "pk": 24, "fields": {"action_time": "2021-12-13T21:01:21.179Z", "user": ["admin"], "content_type": ["trains", "train"], "object_id": "6314", "object_repr": "Train object (6314)", "action_flag": 3, "change_message": ""}}, {"model": "admin.logentry", "pk": 25, "fields": {"action_time": "2021-12-13T21:01:21.331Z", "user": ["admin"], "content_type": ["trains", "train"], "object_id": "6311", "object_repr": "Train object (6311)", "action_flag": 3, "change_message": ""}}, {"model": "admin.logentry", "pk": 26, "fields": {"action_time": "2021-12-13T21:46:16.680Z", "user": ["admin"], "content_type": ["trains", "train"], "object_id": "6316", "object_repr": "Train object (6316)", "action_flag": 3, "change_message": ""}}, {"model": "admin.logentry", "pk": 27, "fields": {"action_time": "2021-12-13T21:46:16.985Z", "user": ["admin"], "content_type": ["trains", "train"], "object_id": "6315", "object_repr": "Train object (6315)", "action_flag": 3, "change_message": ""}}, {"model": "admin.logentry", "pk": 28, "fields": {"action_time": "2021-12-13T21:46:17.176Z", "user": ["admin"], "content_type": ["trains", "train"], "object_id": "6314", "object_repr": "Train object (6314)", "action_flag": 3, "change_message": ""}}, {"model": "admin.logentry", "pk": 29, "fields": {"action_time": "2021-12-13T21:46:17.369Z", "user": ["admin"], "content_type": ["trains", "train"], "object_id": "6311", "object_repr": "Train object (6311)", "action_flag": 3, "change_message": ""}}, {"model": "admin.logentry", "pk": 30, "fields": {"action_time": "2021-12-13T22:27:08.752Z", "user": ["admin"], "content_type": ["trains", "train"], "object_id": "6316", "object_repr": "Train object (6316)", "action_flag": 3, "change_message": ""}}, {"model": "admin.logentry", "pk": 31, "fields": {"action_time": "2021-12-13T22:27:09.032Z", "user": ["admin"], "content_type": ["trains", "train"], "object_id": "6315", "object_repr": "Train object (6315)", "action_flag": 3, "change_message": ""}}, {"model": "admin.logentry", "pk": 32, "fields": {"action_time": "2021-12-13T22:27:09.275Z", "user": ["admin"], "content_type": ["trains", "train"], "object_id": "6314", "object_repr": "Train object (6314)", "action_flag": 3, "change_message": ""}}, {"model": "admin.logentry", "pk": 33, "fields": {"action_time": "2021-12-13T22:27:09.447Z", "user": ["admin"], "content_type": ["trains", "train"], "object_id": "6311", "object_repr": "Train object (6311)", "action_flag": 3, "change_message": ""}}, {"model": "admin.logentry", "pk": 34, "fields": {"action_time": "2021-12-13T22:29:02.192Z", "user": ["admin"], "content_type": ["trains", "train"], "object_id": "6316", "object_repr": "Train object (6316)", "action_flag": 3, "change_message": ""}}, {"model": "admin.logentry", "pk": 35, "fields": {"action_time": "2021-12-13T22:29:02.299Z", "user": ["admin"], "content_type": ["trains", "train"], "object_id": "6315", "object_repr": "Train object (6315)", "action_flag": 3, "change_message": ""}}, {"model": "admin.logentry", "pk": 36, "fields": {"action_time": "2021-12-13T22:29:02.421Z", "user": ["admin"], "content_type": ["trains", "train"], "object_id": "6314", "object_repr": "Train object (6314)", "action_flag": 3, "change_message": ""}}, {"model": "admin.logentry", "pk": 37, "fields": {"action_time": "2021-12-13T22:29:02.538Z", "user": ["admin"], "content_type": ["trains", "train"], "object_id": "6311", "object_repr": "Train object (6311)", "action_flag": 3, "change_message": ""}}, {"model": "admin.logentry", "pk": 38, "fields": {"action_time": "2021-12-13T22:31:47.104Z", "user": ["admin"], "content_type": ["trains", "train"], "object_id": "6316", "object_repr": "Train object (6316)", "action_flag": 3, "change_message": ""}}, {"model": "admin.logentry", "pk": 39, "fields": {"action_time": "2021-12-13T22:31:47.203Z", "user": ["admin"], "content_type": ["trains", "train"], "object_id": "6315", "object_repr": "Train object (6315)", "action_flag": 3, "change_message": ""}}, {"model": "admin.logentry", "pk": 40, "fields": {"action_time": "2021-12-13T22:31:47.322Z", "user": ["admin"], "content_type": ["trains", "train"], "object_id": "6314", "object_repr": "Train object (6314)", "action_flag": 3, "change_message": ""}}, {"model": "admin.logentry", "pk": 41, "fields": {"action_time": "2021-12-13T22:31:47.420Z", "user": ["admin"], "content_type": ["trains", "train"], "object_id": "6311", "object_repr": "Train object (6311)", "action_flag": 3, "change_message": ""}}, {"model": "admin.logentry", "pk": 42, "fields": {"action_time": "2021-12-13T22:39:49.983Z", "user": ["admin"], "content_type": ["trains", "train"], "object_id": "6316", "object_repr": "Train object (6316)", "action_flag": 3, "change_message": ""}}, {"model": "admin.logentry", "pk": 43, "fields": {"action_time": "2021-12-13T22:39:50.147Z", "user": ["admin"], "content_type": ["trains", "train"], "object_id": "6315", "object_repr": "Train object (6315)", "action_flag": 3, "change_message": ""}}, {"model": "admin.logentry", "pk": 44, "fields": {"action_time": "2021-12-13T22:39:50.250Z", "user": ["admin"], "content_type": ["trains", "train"], "object_id": "6314", "object_repr": "Train object (6314)", "action_flag": 3, "change_message": ""}}, {"model": "admin.logentry", "pk": 45, "fields": {"action_time": "2021-12-13T22:39:50.366Z", "user": ["admin"], "content_type": ["trains", "train"], "object_id": "6311", "object_repr": "Train object (6311)", "action_flag": 3, "change_message": ""}}, {"model": "admin.logentry", "pk": 46, "fields": {"action_time": "2021-12-13T22:50:33.201Z", "user": ["admin"], "content_type": ["trains", "train"], "object_id": "6387/88", "object_repr": "Train object (6387/88)", "action_flag": 3, "change_message": ""}}, {"model": "admin.logentry", "pk": 47, "fields": {"action_time": "2021-12-13T22:50:33.338Z", "user": ["admin"], "content_type": ["trains", "train"], "object_id": "6385/86", "object_repr": "Train object (6385/86)", "action_flag": 3, "change_message": ""}}, {"model": "admin.logentry", "pk": 48, "fields": {"action_time": "2021-12-13T22:50:33.394Z", "user": ["admin"], "content_type": ["trains", "train"], "object_id": "6381/82", "object_repr": "Train object (6381/82)", "action_flag": 3, "change_message": ""}}, {"model": "admin.logentry", "pk": 49, "fields": {"action_time": "2021-12-13T22:50:33.471Z", "user": ["admin"], "content_type": ["trains", "train"], "object_id": "6316", "object_repr": "Train object (6316)", "action_flag": 3, "change_message": ""}}, {"model": "admin.logentry", "pk": 50, "fields": {"action_time": "2021-12-13T22:50:33.528Z", "user": ["admin"], "content_type": ["trains", "train"], "object_id": "6315", "object_repr": "Train object (6315)", "action_flag": 3, "change_message": ""}}, {"model": "admin.logentry", "pk": 51, "fields": {"action_time": "2021-12-13T22:50:33.604Z", "user": ["admin"], "content_type": ["trains", "train"], "object_id": "6314", "object_repr": "Train object (6314)", "action_flag": 3, "change_message": ""}}, {"model": "admin.logentry", "pk": 52, "fields": {"action_time": "2021-12-13T22:50:33.978Z", "user": ["admin"], "content_type": ["trains", "train"], "object_id": "6311", "object_repr": "Train object (6311)", "action_flag": 3, "change_message": ""}}, {"model": "admin.logentry", "pk": 53, "fields": {"action_time": "2021-12-14T07:01:07.465Z", "user": ["admin"], "content_type": ["trains", "train"], "object_id": "6387", "object_repr": "Train object (6387)", "action_flag": 3, "change_message": ""}}, {"model": "admin.logentry", "pk": 54, "fields": {"action_time": "2021-12-14T07:01:07.678Z", "user": ["admin"], "content_type": ["trains", "train"], "object_id": "6385", "object_repr": "Train object (6385)", "action_flag": 3, "change_message": ""}}, {"model": "admin.logentry", "pk": 55, "fields": {"action_time": "2021-12-14T07:01:08.160Z", "user": ["admin"], "content_type": ["trains", "train"], "object_id": "6381", "object_repr": "Train object (6381)", "action_flag": 3, "change_message": ""}}, {"model": "admin.logentry", "pk": 56, "fields": {"action_time": "2021-12-14T07:01:08.253Z", "user": ["admin"], "content_type": ["trains", "train"], "object_id": "6316", "object_repr": "Train object (6316)", "action_flag": 3, "change_message": ""}}, {"model": "admin.logentry", "pk": 57, "fields": {"action_time": "2021-12-14T07:01:08.344Z", "user": ["admin"], "content_type": ["trains", "train"], "object_id": "6315", "object_repr": "Train object (6315)", "action_flag": 3, "change_message": ""}}, {"model": "admin.logentry", "pk": 58, "fields": {"action_time": "2021-12-14T07:01:08.487Z", "user": ["admin"], "content_type": ["trains", "train"], "object_id": "6314", "object_repr": "Train object (6314)", "action_flag": 3, "change_message": ""}}, {"model": "admin.logentry", "pk": 59, "fields": {"action_time": "2021-12-14T07:01:08.734Z", "user": ["admin"], "content_type": ["trains", "train"], "object_id": "6311", "object_repr": "Train object (6311)", "action_flag": 3, "change_message": ""}}, {"model": "admin.logentry", "pk": 60, "fields": {"action_time": "2021-12-14T07:46:21.832Z", "user": ["admin"], "content_type": ["trains", "train"], "object_id": "6508", "object_repr": "Train object (6508)", "action_flag": 3, "change_message": ""}}, {"model": "admin.logentry", "pk": 61, "fields": {"action_time": "2021-12-14T07:46:22.045Z", "user": ["admin"], "content_type": ["trains", "train"], "object_id": "6501", "object_repr": "Train object (6501)", "action_flag": 3, "change_message": ""}}, {"model": "admin.logentry", "pk": 62, "fields": {"action_time": "2021-12-14T07:46:22.241Z", "user": ["admin"], "content_type": ["trains", "train"], "object_id": "6387", "object_repr": "Train object (6387)", "action_flag": 3, "change_message": ""}}, {"model": "admin.logentry", "pk": 63, "fields": {"action_time": "2021-12-14T07:46:22.410Z", "user": ["admin"], "content_type": ["trains", "train"], "object_id": "6385", "object_repr": "Train object (6385)", "action_flag": 3, "change_message": ""}}, {"model": "admin.logentry", "pk": 64, "fields": {"action_time": "2021-12-14T07:46:22.625Z", "user": ["admin"], "content_type": ["trains", "train"], "object_id": "6381", "object_repr": "Train object (6381)", "action_flag": 3, "change_message": ""}}, {"model": "admin.logentry", "pk": 65, "fields": {"action_time": "2021-12-14T07:46:22.701Z", "user": ["admin"], "content_type": ["trains", "train"], "object_id": "6316", "object_repr": "Train object (6316)", "action_flag": 3, "change_message": ""}}, {"model": "admin.logentry", "pk": 66, "fields": {"action_time": "2021-12-14T07:46:22.793Z", "user": ["admin"], "content_type": ["trains", "train"], "object_id": "6315", "object_repr": "Train object (6315)", "action_flag": 3, "change_message": ""}}, {"model": "admin.logentry", "pk": 67, "fields": {"action_time": "2021-12-14T07:46:22.884Z", "user": ["admin"], "content_type": ["trains", "train"], "object_id": "6314", "object_repr": "Train object (6314)", "action_flag": 3, "change_message": ""}}, {"model": "admin.logentry", "pk": 68, "fields": {"action_time": "2021-12-14T07:46:23.050Z", "user": ["admin"], "content_type": ["trains", "train"], "object_id": "6311", "object_repr": "Train object (6311)", "action_flag": 3, "change_message": ""}}, {"model": "admin.logentry", "pk": 69, "fields": {"action_time": "2021-12-14T13:44:19.188Z", "user": ["admin"], "content_type": ["trains", "train"], "object_id": "6508", "object_repr": "Train object (6508)", "action_flag": 3, "change_message": ""}}, {"model": "admin.logentry", "pk": 70, "fields": {"action_time": "2021-12-14T13:44:19.783Z", "user": ["admin"], "content_type": ["trains", "train"], "object_id": "6501", "object_repr": "Train object (6501)", "action_flag": 3, "change_message": ""}}, {"model": "admin.logentry", "pk": 71, "fields": {"action_time": "2021-12-14T13:44:20.132Z", "user": ["admin"], "content_type": ["trains", "train"], "object_id": "6407", "object_repr": "Train object (6407)", "action_flag": 3, "change_message": ""}}, {"model": "admin.logentry", "pk": 72, "fields": {"action_time": "2021-12-14T13:44:20.240Z", "user": ["admin"], "content_type": ["trains", "train"], "object_id": "6400", "object_repr": "Train object (6400)", "action_flag": 3, "change_message": ""}}, {"model": "admin.logentry", "pk": 73, "fields": {"action_time": "2021-12-14T13:44:20.914Z", "user": ["admin"], "content_type": ["trains", "train"], "object_id": "6387", "object_repr": "Train object (6387)", "action_flag": 3, "change_message": ""}}, {"model": "admin.logentry", "pk": 74, "fields": {"action_time": "2021-12-14T13:44:21.106Z", "user": ["admin"], "content_type": ["trains", "train"], "object_id": "6385", "object_repr": "Train object (6385)", "action_flag": 3, "change_message": ""}}, {"model": "admin.logentry", "pk": 75, "fields": {"action_time": "2021-12-14T13:44:21.251Z", "user": ["admin"], "content_type": ["trains", "train"], "object_id": "6381", "object_repr": "Train object (6381)", "action_flag": 3, "change_message": ""}}, {"model": "admin.logentry", "pk": 76, "fields": {"action_time": "2021-12-14T13:44:21.405Z", "user": ["admin"], "content_type": ["trains", "train"], "object_id": "6316", "object_repr": "Train object (6316)", "action_flag": 3, "change_message": ""}}, {"model": "admin.logentry", "pk": 77, "fields": {"action_time": "2021-12-14T13:44:21.597Z", "user": ["admin"], "content_type": ["trains", "train"], "object_id": "6315", "object_repr": "Train object (6315)", "action_flag": 3, "change_message": ""}}, {"model": "admin.logentry", "pk": 78, "fields": {"action_time": "2021-12-14T13:44:21.782Z", "user": ["admin"], "content_type": ["trains", "train"], "object_id": "6314", "object_repr": "Train object (6314)", "action_flag": 3, "change_message": ""}}, {"model": "admin.logentry", "pk": 79, "fields": {"action_time": "2021-12-14T13:44:21.897Z", "user": ["admin"], "content_type": ["trains", "train"], "object_id": "6311", "object_repr": "Train object (6311)", "action_flag": 3, "change_message": ""}}, {"model": "admin.logentry", "pk": 80, "fields": {"action_time": "2021-12-14T13:46:32.556Z", "user": ["admin"], "content_type": ["trains", "train"], "object_id": "6508", "object_repr": "Train object (6508)", "action_flag": 3, "change_message": ""}}, {"model": "admin.logentry", "pk": 81, "fields": {"action_time": "2021-12-14T13:46:32.636Z", "user": ["admin"], "content_type": ["trains", "train"], "object_id": "6501", "object_repr": "Train object (6501)", "action_flag": 3, "change_message": ""}}, {"model": "admin.logentry", "pk": 82, "fields": {"action_time": "2021-12-14T13:46:32.727Z", "user": ["admin"], "content_type": ["trains", "train"], "object_id": "6407", "object_repr": "Train object (6407)", "action_flag": 3, "change_message": ""}}, {"model": "admin.logentry", "pk": 83, "fields": {"action_time": "2021-12-14T13:46:32.835Z", "user": ["admin"], "content_type": ["trains", "train"], "object_id": "6400", "object_repr": "Train object (6400)", "action_flag": 3, "change_message": ""}}, {"model": "admin.logentry", "pk": 84, "fields": {"action_time": "2021-12-14T13:46:32.961Z", "user": ["admin"], "content_type": ["trains", "train"], "object_id": "6387", "object_repr": "Train object (6387)", "action_flag": 3, "change_message": ""}}, {"model": "admin.logentry", "pk": 85, "fields": {"action_time": "2021-12-14T13:46:33.142Z", "user": ["admin"], "content_type": ["trains", "train"], "object_id": "6385", "object_repr": "Train object (6385)", "action_flag": 3, "change_message": ""}}, {"model": "admin.logentry", "pk": 86, "fields": {"action_time": "2021-12-14T13:46:33.577Z", "user": ["admin"], "content_type": ["trains", "train"], "object_id": "6381", "object_repr": "Train object (6381)", "action_flag": 3, "change_message": ""}}, {"model": "admin.logentry", "pk": 87, "fields": {"action_time": "2021-12-14T13:46:33.794Z", "user": ["admin"], "content_type": ["trains", "train"], "object_id": "6316", "object_repr": "Train object (6316)", "action_flag": 3, "change_message": ""}}, {"model": "admin.logentry", "pk": 88, "fields": {"action_time": "2021-12-14T13:46:34.064Z", "user": ["admin"], "content_type": ["trains", "train"], "object_id": "6315", "object_repr": "Train object (6315)", "action_flag": 3, "change_message": ""}}, {"model": "admin.logentry", "pk": 89, "fields": {"action_time": "2021-12-14T13:46:34.234Z", "user": ["admin"], "content_type": ["trains", "train"], "object_id": "6314", "object_repr": "Train object (6314)", "action_flag": 3, "change_message": ""}}, {"model": "admin.logentry", "pk": 90, "fields": {"action_time": "2021-12-14T13:46:34.369Z", "user": ["admin"], "content_type": ["trains", "train"], "object_id": "6311", "object_repr": "Train object (6311)", "action_flag": 3, "change_message": ""}}, {"model": "admin.logentry", "pk": 91, "fields": {"action_time": "2021-12-14T13:46:34.518Z", "user": ["admin"], "content_type": ["trains", "train"], "object_id": "6310", "object_repr": "Train object (6310)", "action_flag": 3, "change_message": ""}}, {"model": "admin.logentry", "pk": 92, "fields": {"action_time": "2021-12-14T13:46:34.676Z", "user": ["admin"], "content_type": ["trains", "train"], "object_id": "6308", "object_repr": "Train object (6308)", "action_flag": 3, "change_message": ""}}, {"model": "admin.logentry", "pk": 93, "fields": {"action_time": "2021-12-14T13:46:34.919Z", "user": ["admin"], "content_type": ["trains", "train"], "object_id": "6307", "object_repr": "Train object (6307)", "action_flag": 3, "change_message": ""}}, {"model": "admin.logentry", "pk": 94, "fields": {"action_time": "2021-12-14T13:46:35.051Z", "user": ["admin"], "content_type": ["trains", "train"], "object_id": "6305", "object_repr": "Train object (6305)", "action_flag": 3, "change_message": ""}}, {"model": "admin.logentry", "pk": 95, "fields": {"action_time": "2021-12-14T13:46:35.159Z", "user": ["admin"], "content_type": ["trains", "train"], "object_id": "6302", "object_repr": "Train object (6302)", "action_flag": 3, "change_message": ""}}, {"model": "admin.logentry", "pk": 96, "fields": {"action_time": "2021-12-14T14:14:56.288Z", "user": ["admin"], "content_type": ["trains", "train"], "object_id": "6508", "object_repr": "Train object (6508)", "action_flag": 3, "change_message": ""}}, {"model": "admin.logentry", "pk": 97, "fields": {"action_time": "2021-12-14T14:14:56.436Z", "user": ["admin"], "content_type": ["trains", "train"], "object_id": "6501", "object_repr": "Train object (6501)", "action_flag": 3, "change_message": ""}}, {"model": "admin.logentry", "pk": 98, "fields": {"action_time": "2021-12-14T14:14:56.678Z", "user": ["admin"], "content_type": ["trains", "train"], "object_id": "6407", "object_repr": "Train object (6407)", "action_flag": 3, "change_message": ""}}, {"model": "admin.logentry", "pk": 99, "fields": {"action_time": "2021-12-14T14:14:56.869Z", "user": ["admin"], "content_type": ["trains", "train"], "object_id": "6400", "object_repr": "Train object (6400)", "action_flag": 3, "change_message": ""}}, {"model": "admin.logentry", "pk": 100, "fields": {"action_time": "2021-12-14T14:14:57.055Z", "user": ["admin"], "content_type": ["trains", "train"], "object_id": "6387", "object_repr": "Train object (6387)", "action_flag": 3, "change_message": ""}}, {"model": "admin.logentry", "pk": 101, "fields": {"action_time": "2021-12-14T14:14:57.186Z", "user": ["admin"], "content_type": ["trains", "train"], "object_id": "6385", "object_repr": "Train object (6385)", "action_flag": 3, "change_message": ""}}, {"model": "admin.logentry", "pk": 102, "fields": {"action_time": "2021-12-14T14:14:57.346Z", "user": ["admin"], "content_type": ["trains", "train"], "object_id": "6381", "object_repr": "Train object (6381)", "action_flag": 3, "change_message": ""}}, {"model": "admin.logentry", "pk": 103, "fields": {"action_time": "2021-12-14T14:14:57.479Z", "user": ["admin"], "content_type": ["trains", "train"], "object_id": "6316", "object_repr": "Train object (6316)", "action_flag": 3, "change_message": ""}}, {"model": "admin.logentry", "pk": 104, "fields": {"action_time": "2021-12-14T14:14:57.628Z", "user": ["admin"], "content_type": ["trains", "train"], "object_id": "6315", "object_repr": "Train object (6315)", "action_flag": 3, "change_message": ""}}, {"model": "admin.logentry", "pk": 105, "fields": {"action_time": "2021-12-14T14:14:57.794Z", "user": ["admin"], "content_type": ["trains", "train"], "object_id": "6314", "object_repr": "Train object (6314)", "action_flag": 3, "change_message": ""}}, {"model": "admin.logentry", "pk": 106, "fields": {"action_time": "2021-12-14T14:14:57.978Z", "user": ["admin"], "content_type": ["trains", "train"], "object_id": "6311", "object_repr": "Train object (6311)", "action_flag": 3, "change_message": ""}}, {"model": "admin.logentry", "pk": 107, "fields": {"action_time": "2021-12-14T14:14:58.129Z", "user": ["admin"], "content_type": ["trains", "train"], "object_id": "6310", "object_repr": "Train object (6310)", "action_flag": 3, "change_message": ""}}, {"model": "admin.logentry", "pk": 108, "fields": {"action_time": "2021-12-14T14:14:58.390Z", "user": ["admin"], "content_type": ["trains", "train"], "object_id": "6308", "object_repr": "Train object (6308)", "action_flag": 3, "change_message": ""}}, {"model": "admin.logentry", "pk": 109, "fields": {"action_time": "2021-12-14T14:14:58.544Z", "user": ["admin"], "content_type": ["trains", "train"], "object_id": "6307", "object_repr": "Train object (6307)", "action_flag": 3, "change_message": ""}}, {"model": "admin.logentry", "pk": 110, "fields": {"action_time": "2021-12-14T14:14:58.736Z", "user": ["admin"], "content_type": ["trains", "train"], "object_id": "6305", "object_repr": "Train object (6305)", "action_flag": 3, "change_message": ""}}, {"model": "admin.logentry", "pk": 111, "fields": {"action_time": "2021-12-14T14:14:58.846Z", "user": ["admin"], "content_type": ["trains", "train"], "object_id": "6302", "object_repr": "Train object (6302)", "action_flag": 3, "change_message": ""}}, {"model": "admin.logentry", "pk": 112, "fields": {"action_time": "2021-12-14T14:27:22.172Z", "user": ["admin"], "content_type": ["trains", "train"], "object_id": "6508", "object_repr": "Train object (6508)", "action_flag": 3, "change_message": ""}}, {"model": "admin.logentry", "pk": 113, "fields": {"action_time": "2021-12-14T14:27:22.336Z", "user": ["admin"], "content_type": ["trains", "train"], "object_id": "6501", "object_repr": "Train object (6501)", "action_flag": 3, "change_message": ""}}, {"model": "admin.logentry", "pk": 114, "fields": {"action_time": "2021-12-14T14:27:22.788Z", "user": ["admin"], "content_type": ["trains", "train"], "object_id": "6407", "object_repr": "Train object (6407)", "action_flag": 3, "change_message": ""}}, {"model": "admin.logentry", "pk": 115, "fields": {"action_time": "2021-12-14T14:27:22.922Z", "user": ["admin"], "content_type": ["trains", "train"], "object_id": "6400", "object_repr": "Train object (6400)", "action_flag": 3, "change_message": ""}}, {"model": "admin.logentry", "pk": 116, "fields": {"action_time": "2021-12-14T14:27:23.022Z", "user": ["admin"], "content_type": ["trains", "train"], "object_id": "6387", "object_repr": "Train object (6387)", "action_flag": 3, "change_message": ""}}, {"model": "admin.logentry", "pk": 117, "fields": {"action_time": "2021-12-14T14:27:23.201Z", "user": ["admin"], "content_type": ["trains", "train"], "object_id": "6385", "object_repr": "Train object (6385)", "action_flag": 3, "change_message": ""}}, {"model": "admin.logentry", "pk": 118, "fields": {"action_time": "2021-12-14T14:27:23.394Z", "user": ["admin"], "content_type": ["trains", "train"], "object_id": "6381", "object_repr": "Train object (6381)", "action_flag": 3, "change_message": ""}}, {"model": "admin.logentry", "pk": 119, "fields": {"action_time": "2021-12-14T14:27:23.488Z", "user": ["admin"], "content_type": ["trains", "train"], "object_id": "6316", "object_repr": "Train object (6316)", "action_flag": 3, "change_message": ""}}, {"model": "admin.logentry", "pk": 120, "fields": {"action_time": "2021-12-14T14:27:23.578Z", "user": ["admin"], "content_type": ["trains", "train"], "object_id": "6315", "object_repr": "Train object (6315)", "action_flag": 3, "change_message": ""}}, {"model": "admin.logentry", "pk": 121, "fields": {"action_time": "2021-12-14T14:27:23.672Z", "user": ["admin"], "content_type": ["trains", "train"], "object_id": "6314", "object_repr": "Train object (6314)", "action_flag": 3, "change_message": ""}}, {"model": "admin.logentry", "pk": 122, "fields": {"action_time": "2021-12-14T14:27:23.739Z", "user": ["admin"], "content_type": ["trains", "train"], "object_id": "6311", "object_repr": "Train object (6311)", "action_flag": 3, "change_message": ""}}, {"model": "admin.logentry", "pk": 123, "fields": {"action_time": "2021-12-14T14:27:23.909Z", "user": ["admin"], "content_type": ["trains", "train"], "object_id": "6310", "object_repr": "Train object (6310)", "action_flag": 3, "change_message": ""}}, {"model": "admin.logentry", "pk": 124, "fields": {"action_time": "2021-12-14T14:27:24.003Z", "user": ["admin"], "content_type": ["trains", "train"], "object_id": "6308", "object_repr": "Train object (6308)", "action_flag": 3, "change_message": ""}}, {"model": "admin.logentry", "pk": 125, "fields": {"action_time": "2021-12-14T14:27:24.078Z", "user": ["admin"], "content_type": ["trains", "train"], "object_id": "6307", "object_repr": "Train object (6307)", "action_flag": 3, "change_message": ""}}, {"model": "admin.logentry", "pk": 126, "fields": {"action_time": "2021-12-14T14:27:24.187Z", "user": ["admin"], "content_type": ["trains", "train"], "object_id": "6305", "object_repr": "Train object (6305)", "action_flag": 3, "change_message": ""}}, {"model": "admin.logentry", "pk": 127, "fields": {"action_time": "2021-12-14T14:27:24.294Z", "user": ["admin"], "content_type": ["trains", "train"], "object_id": "6302", "object_repr": "Train object (6302)", "action_flag": 3, "change_message": ""}}, {"model": "admin.logentry", "pk": 128, "fields": {"action_time": "2021-12-14T18:23:32.199Z", "user": ["admin"], "content_type": ["stations", "line"], "object_id": "1", "object_repr": "Line object (1)", "action_flag": 1, "change_message": "[{\"added\": {}}]"}}, {"model": "admin.logentry", "pk": 129, "fields": {"action_time": "2021-12-14T18:23:37.634Z", "user": ["admin"], "content_type": ["stations", "line"], "object_id": "2", "object_repr": "Line object (2)", "action_flag": 1, "change_message": "[{\"added\": {}}]"}}, {"model": "admin.logentry", "pk": 130, "fields": {"action_time": "2021-12-14T18:23:46.193Z", "user": ["admin"], "content_type": ["stations", "line"], "object_id": "3", "object_repr": "Line object (3)", "action_flag": 1, "change_message": "[{\"added\": {}}]"}}, {"model": "admin.logentry", "pk": 131, "fields": {"action_time": "2021-12-14T18:23:49.696Z", "user": ["admin"], "content_type": ["stations", "line"], "object_id": "4", "object_repr": "Line object (4)", "action_flag": 1, "change_message": "[{\"added\": {}}]"}}, {"model": "admin.logentry", "pk": 132, "fields": {"action_time": "2021-12-14T18:23:54.463Z", "user": ["admin"], "content_type": ["stations", "line"], "object_id": "5", "object_repr": "Line object (5)", "action_flag": 1, "change_message": "[{\"added\": {}}]"}}, {"model": "admin.logentry", "pk": 133, "fields": {"action_time": "2021-12-14T18:23:58.854Z", "user": ["admin"], "content_type": ["stations", "line"], "object_id": "6", "object_repr": "Line object (6)", "action_flag": 1, "change_message": "[{\"added\": {}}]"}}, {"model": "admin.logentry", "pk": 134, "fields": {"action_time": "2021-12-14T18:24:05.630Z", "user": ["admin"], "content_type": ["stations", "line"], "object_id": "7", "object_repr": "Line object (7)", "action_flag": 1, "change_message": "[{\"added\": {}}]"}}, {"model": "admin.logentry", "pk": 135, "fields": {"action_time": "2021-12-14T18:25:20.779Z", "user": ["admin"], "content_type": ["stations", "station"], "object_id": "92", "object_repr": "Щегловка", "action_flag": 2, "change_message": "[{\"changed\": {\"fields\": [\"Line\"]}}]"}}, {"model": "admin.logentry", "pk": 136, "fields": {"action_time": "2021-12-14T18:25:39.872Z", "user": ["admin"], "content_type": ["stations", "station"], "object_id": "91", "object_repr": "Шолохово", "action_flag": 2, "change_message": "[{\"changed\": {\"fields\": [\"Line\"]}}]"}}, {"model": "admin.logentry", "pk": 137, "fields": {"action_time": "2021-12-14T18:25:48.972Z", "user": ["admin"], "content_type": ["stations", "station"], "object_id": "90", "object_repr": "Шиповка", "action_flag": 2, "change_message": "[{\"changed\": {\"fields\": [\"Line\"]}}]"}}, {"model": "admin.logentry", "pk": 138, "fields": {"action_time": "2021-12-14T18:26:36.174Z", "user": ["admin"], "content_type": ["stations", "station"], "object_id": "89", "object_repr": "Чкаловск", "action_flag": 2, "change_message": "[{\"changed\": {\"fields\": [\"Line\"]}}]"}}, {"model": "admin.logentry", "pk": 139, "fields": {"action_time": "2021-12-14T18:26:42.208Z", "user": ["admin"], "content_type": ["stations", "station"], "object_id": "88", "object_repr": "Черняховск", "action_flag": 2, "change_message": "[{\"changed\": {\"fields\": [\"Line\"]}}]"}}, {"model": "admin.logentry", "pk": 140, "fields": {"action_time": "2021-12-14T18:26:56.996Z", "user": ["admin"], "content_type": ["stations", "station"], "object_id": "87", "object_repr": "Чернышевское", "action_flag": 2, "change_message": "[{\"changed\": {\"fields\": [\"Line\"]}}]"}}, {"model": "admin.logentry", "pk": 141, "fields": {"action_time": "2021-12-14T18:27:20.275Z", "user": ["admin"], "content_type": ["stations", "station"], "object_id": "86", "object_repr": "Стрельня", "action_flag": 2, "change_message": "[{\"changed\": {\"fields\": [\"Line\"]}}]"}}, {"model": "admin.logentry", "pk": 142, "fields": {"action_time": "2021-12-14T18:27:29.159Z", "user": ["admin"], "content_type": ["stations", "station"], "object_id": "85", "object_repr": "Сосновый Бор", "action_flag": 2, "change_message": "[{\"changed\": {\"fields\": [\"Line\"]}}]"}}, {"model": "admin.logentry", "pk": 143, "fields": {"action_time": "2021-12-14T18:27:37.602Z", "user": ["admin"], "content_type": ["stations", "station"], "object_id": "84", "object_repr": "Сосновка", "action_flag": 2, "change_message": "[{\"changed\": {\"fields\": [\"Line\"]}}]"}}, {"model": "admin.logentry", "pk": 144, "fields": {"action_time": "2021-12-14T18:27:44.621Z", "user": ["admin"], "content_type": ["stations", "station"], "object_id": "83", "object_repr": "Сокольники-2", "action_flag": 2, "change_message": "[{\"changed\": {\"fields\": [\"Line\"]}}]"}}, {"model": "admin.logentry", "pk": 145, "fields": {"action_time": "2021-12-14T18:27:52.045Z", "user": ["admin"], "content_type": ["stations", "station"], "object_id": "82", "object_repr": "Сокольники-1", "action_flag": 2, "change_message": "[{\"changed\": {\"fields\": [\"Line\"]}}]"}}, {"model": "admin.logentry", "pk": 146, "fields": {"action_time": "2021-12-14T18:27:57.677Z", "user": ["admin"], "content_type": ["stations", "station"], "object_id": "83", "object_repr": "Сокольники-2", "action_flag": 2, "change_message": "[]"}}, {"model": "admin.logentry", "pk": 147, "fields": {"action_time": "2021-12-14T18:28:03.940Z", "user": ["admin"], "content_type": ["stations", "station"], "object_id": "81", "object_repr": "Советск", "action_flag": 2, "change_message": "[{\"changed\": {\"fields\": [\"Line\"]}}]"}}, {"model": "admin.logentry", "pk": 148, "fields": {"action_time": "2021-12-14T18:28:12.155Z", "user": ["admin"], "content_type": ["stations", "station"], "object_id": "80", "object_repr": "Славянское", "action_flag": 2, "change_message": "[{\"changed\": {\"fields\": [\"Line\"]}}]"}}, {"model": "admin.logentry", "pk": 149, "fields": {"action_time": "2021-12-14T18:28:22.023Z", "user": ["admin"], "content_type": ["stations", "station"], "object_id": "79", "object_repr": "Славск", "action_flag": 2, "change_message": "[{\"changed\": {\"fields\": [\"Line\"]}}]"}}, {"model": "admin.logentry", "pk": 150, "fields": {"action_time": "2021-12-14T18:28:30.140Z", "user": ["admin"], "content_type": ["stations", "station"], "object_id": "78", "object_repr": "Сельма", "action_flag": 2, "change_message": "[{\"changed\": {\"fields\": [\"Line\"]}}]"}}, {"model": "admin.logentry", "pk": 151, "fields": {"action_time": "2021-12-14T18:28:38.881Z", "user": ["admin"], "content_type": ["stations", "station"], "object_id": "77", "object_repr": "Светлое", "action_flag": 2, "change_message": "[{\"changed\": {\"fields\": [\"Line\"]}}]"}}, {"model": "admin.logentry", "pk": 152, "fields": {"action_time": "2021-12-14T18:28:46.874Z", "user": ["admin"], "content_type": ["stations", "station"], "object_id": "76", "object_repr": "Светлогорск-2", "action_flag": 2, "change_message": "[{\"changed\": {\"fields\": [\"Line\"]}}]"}}, {"model": "admin.logentry", "pk": 153, "fields": {"action_time": "2021-12-14T18:28:52.965Z", "user": ["admin"], "content_type": ["stations", "station"], "object_id": "77", "object_repr": "Светлое", "action_flag": 2, "change_message": "[]"}}, {"model": "admin.logentry", "pk": 154, "fields": {"action_time": "2021-12-14T18:29:00.917Z", "user": ["admin"], "content_type": ["stations", "station"], "object_id": "75", "object_repr": "Светлогорск-1", "action_flag": 2, "change_message": "[{\"changed\": {\"fields\": [\"Line\"]}}]"}}, {"model": "admin.logentry", "pk": 155, "fields": {"action_time": "2021-12-14T18:29:08.081Z", "user": ["admin"], "content_type": ["stations", "station"], "object_id": "74", "object_repr": "Рябиновка", "action_flag": 2, "change_message": "[{\"changed\": {\"fields\": [\"Line\"]}}]"}}, {"model": "admin.logentry", "pk": 156, "fields": {"action_time": "2021-12-14T18:29:19.696Z", "user": ["admin"], "content_type": ["stations", "station"], "object_id": "73", "object_repr": "Рощино", "action_flag": 2, "change_message": "[{\"changed\": {\"fields\": [\"Line\"]}}]"}}, {"model": "admin.logentry", "pk": 157, "fields": {"action_time": "2021-12-14T18:29:29.251Z", "user": ["admin"], "content_type": ["stations", "station"], "object_id": "72", "object_repr": "Романово", "action_flag": 2, "change_message": "[{\"changed\": {\"fields\": [\"Line\"]}}]"}}, {"model": "admin.logentry", "pk": 158, "fields": {"action_time": "2021-12-14T18:29:42.109Z", "user": ["admin"], "content_type": ["stations", "station"], "object_id": "76", "object_repr": "Светлогорск-2", "action_flag": 2, "change_message": "[{\"changed\": {\"fields\": [\"Line\"]}}]"}}, {"model": "admin.logentry", "pk": 159, "fields": {"action_time": "2021-12-14T18:29:48.972Z", "user": ["admin"], "content_type": ["stations", "station"], "object_id": "75", "object_repr": "Светлогорск-1", "action_flag": 2, "change_message": "[{\"changed\": {\"fields\": [\"Line\"]}}]"}}, {"model": "admin.logentry", "pk": 160, "fields": {"action_time": "2021-12-14T18:30:09.021Z", "user": ["admin"], "content_type": ["stations", "station"], "object_id": "71", "object_repr": "Ржевское", "action_flag": 2, "change_message": "[{\"changed\": {\"fields\": [\"Line\"]}}]"}}, {"model": "admin.logentry", "pk": 161, "fields": {"action_time": "2021-12-14T18:30:54.848Z", "user": ["admin"], "content_type": ["stations", "station"], "object_id": "70", "object_repr": "Пушкарёво", "action_flag": 2, "change_message": "[{\"changed\": {\"fields\": [\"Station name\", \"Line\"]}}]"}}, {"model": "admin.logentry", "pk": 162, "fields": {"action_time": "2021-12-14T18:31:07.934Z", "user": ["admin"], "content_type": ["stations", "station"], "object_id": "69", "object_repr": "Приморье", "action_flag": 2, "change_message": "[{\"changed\": {\"fields\": [\"Line\"]}}]"}}, {"model": "admin.logentry", "pk": 163, "fields": {"action_time": "2021-12-14T18:31:15.788Z", "user": ["admin"], "content_type": ["stations", "station"], "object_id": "68", "object_repr": "Приморское", "action_flag": 2, "change_message": "[{\"changed\": {\"fields\": [\"Line\"]}}]"}}, {"model": "admin.logentry", "pk": 164, "fields": {"action_time": "2021-12-14T18:31:29.139Z", "user": ["admin"], "content_type": ["stations", "station"], "object_id": "67", "object_repr": "Приморск", "action_flag": 2, "change_message": "[{\"changed\": {\"fields\": [\"Line\"]}}]"}}, {"model": "admin.logentry", "pk": 165, "fields": {"action_time": "2021-12-14T18:31:39.638Z", "user": ["admin"], "content_type": ["stations", "station"], "object_id": "66", "object_repr": "Полесск", "action_flag": 2, "change_message": "[{\"changed\": {\"fields\": [\"Line\"]}}]"}}, {"model": "admin.logentry", "pk": 166, "fields": {"action_time": "2021-12-14T18:31:48.853Z", "user": ["admin"], "content_type": ["stations", "station"], "object_id": "65", "object_repr": "Пионерский Курорт", "action_flag": 2, "change_message": "[{\"changed\": {\"fields\": [\"Line\"]}}]"}}, {"model": "admin.logentry", "pk": 167, "fields": {"action_time": "2021-12-14T18:32:09.802Z", "user": ["admin"], "content_type": ["stations", "station"], "object_id": "42", "object_repr": "Калининград-Южный", "action_flag": 2, "change_message": "[{\"changed\": {\"fields\": [\"Line\"]}}]"}}, {"model": "admin.logentry", "pk": 168, "fields": {"action_time": "2021-12-14T18:32:31.331Z", "user": ["admin"], "content_type": ["stations", "station"], "object_id": "41", "object_repr": "Калининград-Северный", "action_flag": 2, "change_message": "[{\"changed\": {\"fields\": [\"Line\"]}}]"}}, {"model": "admin.logentry", "pk": 169, "fields": {"action_time": "2021-12-14T18:33:30.612Z", "user": ["admin"], "content_type": ["stations", "station"], "object_id": "49", "object_repr": "Кутузово", "action_flag": 2, "change_message": "[{\"changed\": {\"fields\": [\"Line\"]}}]"}}, {"model": "admin.logentry", "pk": 170, "fields": {"action_time": "2021-12-14T18:33:48.040Z", "user": ["admin"], "content_type": ["stations", "station"], "object_id": "64", "object_repr": "Петино", "action_flag": 2, "change_message": "[{\"changed\": {\"fields\": [\"Line\"]}}]"}}, {"model": "admin.logentry", "pk": 171, "fields": {"action_time": "2021-12-14T18:34:39.766Z", "user": ["admin"], "content_type": ["stations", "station"], "object_id": "63", "object_repr": "Переславское", "action_flag": 2, "change_message": "[{\"changed\": {\"fields\": [\"Line\"]}}]"}}, {"model": "admin.logentry", "pk": 172, "fields": {"action_time": "2021-12-14T18:35:05.911Z", "user": ["admin"], "content_type": ["stations", "station"], "object_id": "62", "object_repr": "Пастухово", "action_flag": 2, "change_message": "[{\"changed\": {\"fields\": [\"Line\"]}}]"}}, {"model": "admin.logentry", "pk": 173, "fields": {"action_time": "2021-12-14T18:35:21.198Z", "user": ["admin"], "content_type": ["stations", "station"], "object_id": "61", "object_repr": "Отважное", "action_flag": 2, "change_message": "[{\"changed\": {\"fields\": [\"Line\"]}}]"}}, {"model": "admin.logentry", "pk": 174, "fields": {"action_time": "2021-12-14T18:35:33.110Z", "user": ["admin"], "content_type": ["stations", "station"], "object_id": "60", "object_repr": "Озерки", "action_flag": 2, "change_message": "[{\"changed\": {\"fields\": [\"Line\"]}}]"}}, {"model": "admin.logentry", "pk": 175, "fields": {"action_time": "2021-12-14T19:17:40.042Z", "user": ["admin"], "content_type": ["stations", "station"], "object_id": "2", "object_repr": "7 км", "action_flag": 2, "change_message": "[{\"changed\": {\"fields\": [\"Line\"]}}]"}}, {"model": "admin.logentry", "pk": 176, "fields": {"action_time": "2021-12-14T19:17:52.834Z", "user": ["admin"], "content_type": ["stations", "station"], "object_id": "6", "object_repr": "20 км-Свет", "action_flag": 2, "change_message": "[{\"changed\": {\"fields\": [\"Line\"]}}]"}}, {"model": "admin.logentry", "pk": 177, "fields": {"action_time": "2021-12-14T19:18:54.750Z", "user": ["admin"], "content_type": ["stations", "station"], "object_id": "38", "object_repr": "Зеленоградск", "action_flag": 2, "change_message": "[{\"changed\": {\"fields\": [\"Line\"]}}]"}}, {"model": "admin.logentry", "pk": 178, "fields": {"action_time": "2021-12-14T19:19:04.108Z", "user": ["admin"], "content_type": ["stations", "station"], "object_id": "43", "object_repr": "Каштановка", "action_flag": 2, "change_message": "[{\"changed\": {\"fields\": [\"Line\"]}}]"}}, {"model": "admin.logentry", "pk": 179, "fields": {"action_time": "2021-12-14T19:19:24.828Z", "user": ["admin"], "content_type": ["stations", "station"], "object_id": "35", "object_repr": "Дружное", "action_flag": 2, "change_message": "[{\"changed\": {\"fields\": [\"Line\"]}}]"}}, {"model": "admin.logentry", "pk": 180, "fields": {"action_time": "2021-12-14T19:19:42.513Z", "user": ["admin"], "content_type": ["stations", "station"], "object_id": "78", "object_repr": "Сельма", "action_flag": 2, "change_message": "[]"}}, {"model": "admin.logentry", "pk": 181, "fields": {"action_time": "2021-12-14T19:19:54.386Z", "user": ["admin"], "content_type": ["stations", "station"], "object_id": "45", "object_repr": "Колосовка", "action_flag": 2, "change_message": "[{\"changed\": {\"fields\": [\"Line\"]}}]"}}, {"model": "admin.logentry", "pk": 182, "fields": {"action_time": "2021-12-14T19:21:12.922Z", "user": ["admin"], "content_type": ["stations", "station"], "object_id": "54", "object_repr": "Малиновка", "action_flag": 2, "change_message": "[{\"changed\": {\"fields\": [\"Line\"]}}]"}}, {"model": "admin.logentry", "pk": 183, "fields": {"action_time": "2021-12-14T19:22:09.599Z", "user": ["admin"], "content_type": ["stations", "station"], "object_id": "45", "object_repr": "Колосовка", "action_flag": 2, "change_message": "[]"}}, {"model": "admin.logentry", "pk": 184, "fields": {"action_time": "2021-12-14T19:22:55.877Z", "user": ["admin"], "content_type": ["stations", "station"], "object_id": "58", "object_repr": "Муромское", "action_flag": 2, "change_message": "[{\"changed\": {\"fields\": [\"Line\"]}}]"}}, {"model": "admin.logentry", "pk": 185, "fields": {"action_time": "2021-12-14T19:23:15.798Z", "user": ["admin"], "content_type": ["stations", "station"], "object_id": "48", "object_repr": "Куликово", "action_flag": 2, "change_message": "[{\"changed\": {\"fields\": [\"Line\"]}}]"}}, {"model": "admin.logentry", "pk": 186, "fields": {"action_time": "2021-12-14T19:33:01.619Z", "user": ["admin"], "content_type": ["stations", "line"], "object_id": "4", "object_repr": "Мам", "action_flag": 2, "change_message": "[{\"changed\": {\"fields\": [\"Color\"]}}]"}}, {"model": "admin.logentry", "pk": 187, "fields": {"action_time": "2021-12-14T19:34:02.408Z", "user": ["admin"], "content_type": ["stations", "line"], "object_id": "3", "object_repr": "Бгрт", "action_flag": 2, "change_message": "[{\"changed\": {\"fields\": [\"Color\"]}}]"}}, {"model": "admin.logentry", "pk": 188, "fields": {"action_time": "2021-12-14T19:34:12.917Z", "user": ["admin"], "content_type": ["stations", "line"], "object_id": "2", "object_repr": "Черн", "action_flag": 2, "change_message": "[{\"changed\": {\"fields\": [\"Color\"]}}]"}}, {"model": "admin.logentry", "pk": 189, "fields": {"action_time": "2021-12-14T19:34:30.582Z", "user": ["admin"], "content_type": ["stations", "line"], "object_id": "1", "object_repr": "Сов", "action_flag": 2, "change_message": "[{\"changed\": {\"fields\": [\"Color\"]}}]"}}, {"model": "admin.logentry", "pk": 190, "fields": {"action_time": "2021-12-14T19:34:41.073Z", "user": ["admin"], "content_type": ["stations", "line"], "object_id": "7", "object_repr": "Зел", "action_flag": 2, "change_message": "[{\"changed\": {\"fields\": [\"Color\"]}}]"}}, {"model": "admin.logentry", "pk": 191, "fields": {"action_time": "2021-12-14T19:34:54.370Z", "user": ["admin"], "content_type": ["stations", "line"], "object_id": "6", "object_repr": "Свет", "action_flag": 2, "change_message": "[{\"changed\": {\"fields\": [\"Color\"]}}]"}}, {"model": "admin.logentry", "pk": 192, "fields": {"action_time": "2021-12-16T13:35:24.444Z", "user": ["admin"], "content_type": ["trains", "train"], "object_id": "6385", "object_repr": "Train object (6385)", "action_flag": 3, "change_message": ""}}, {"model": "admin.logentry", "pk": 193, "fields": {"action_time": "2021-12-16T13:35:25.604Z", "user": ["admin"], "content_type": ["trains", "train"], "object_id": "6381", "object_repr": "Train object (6381)", "action_flag": 3, "change_message": ""}}, {"model": "admin.logentry", "pk": 194, "fields": {"action_time": "2021-12-16T13:35:25.916Z", "user": ["admin"], "content_type": ["trains", "train"], "object_id": "6387", "object_repr": "Train object (6387)", "action_flag": 3, "change_message": ""}}, {"model": "admin.logentry", "pk": 195, "fields": {"action_time": "2021-12-16T13:35:26.991Z", "user": ["admin"], "content_type": ["trains", "train"], "object_id": "6508", "object_repr": "Train object (6508)", "action_flag": 3, "change_message": ""}}, {"model": "admin.logentry", "pk": 196, "fields": {"action_time": "2021-12-16T13:35:27.257Z", "user": ["admin"], "content_type": ["trains", "train"], "object_id": "6501", "object_repr": "Train object (6501)", "action_flag": 3, "change_message": ""}}, {"model": "admin.logentry", "pk": 197, "fields": {"action_time": "2021-12-16T13:35:27.357Z", "user": ["admin"], "content_type": ["trains", "train"], "object_id": "6311", "object_repr": "Train object (6311)", "action_flag": 3, "change_message": ""}}, {"model": "admin.logentry", "pk": 198, "fields": {"action_time": "2021-12-16T13:35:27.547Z", "user": ["admin"], "content_type": ["trains", "train"], "object_id": "6315", "object_repr": "Train object (6315)", "action_flag": 3, "change_message": ""}}, {"model": "admin.logentry", "pk": 199, "fields": {"action_time": "2021-12-16T13:35:27.757Z", "user": ["admin"], "content_type": ["trains", "train"], "object_id": "6314", "object_repr": "Train object (6314)", "action_flag": 3, "change_message": ""}}, {"model": "admin.logentry", "pk": 200, "fields": {"action_time": "2021-12-16T13:35:28.003Z", "user": ["admin"], "content_type": ["trains", "train"], "object_id": "6316", "object_repr": "Train object (6316)", "action_flag": 3, "change_message": ""}}, {"model": "admin.logentry", "pk": 201, "fields": {"action_time": "2021-12-16T13:35:28.331Z", "user": ["admin"], "content_type": ["trains", "train"], "object_id": "6305", "object_repr": "Train object (6305)", "action_flag": 3, "change_message": ""}}, {"model": "admin.logentry", "pk": 202, "fields": {"action_time": "2021-12-16T13:35:28.457Z", "user": ["admin"], "content_type": ["trains", "train"], "object_id": "6307", "object_repr": "Train object (6307)", "action_flag": 3, "change_message": ""}}, {"model": "admin.logentry", "pk": 203, "fields": {"action_time": "2021-12-16T13:35:28.606Z", "user": ["admin"], "content_type": ["trains", "train"], "object_id": "6302", "object_repr": "Train object (6302)", "action_flag": 3, "change_message": ""}}, {"model": "admin.logentry", "pk": 204, "fields": {"action_time": "2021-12-16T13:35:28.902Z", "user": ["admin"], "content_type": ["trains", "train"], "object_id": "6308", "object_repr": "Train object (6308)", "action_flag": 3, "change_message": ""}}, {"model": "admin.logentry", "pk": 205, "fields": {"action_time": "2021-12-16T13:35:29.188Z", "user": ["admin"], "content_type": ["trains", "train"], "object_id": "6310", "object_repr": "Train object (6310)", "action_flag": 3, "change_message": ""}}, {"model": "admin.logentry", "pk": 206, "fields": {"action_time": "2021-12-16T13:35:29.886Z", "user": ["admin"], "content_type": ["trains", "train"], "object_id": "6400", "object_repr": "Train object (6400)", "action_flag": 3, "change_message": ""}}, {"model": "admin.logentry", "pk": 207, "fields": {"action_time": "2021-12-16T13:35:29.988Z", "user": ["admin"], "content_type": ["trains", "train"], "object_id": "6407", "object_repr": "Train object (6407)", "action_flag": 3, "change_message": ""}}, {"model": "admin.logentry", "pk": 208, "fields": {"action_time": "2021-12-16T14:39:02.643Z", "user": ["admin"], "content_type": ["trains", "train"], "object_id": "6385", "object_repr": "Train object (6385)", "action_flag": 3, "change_message": ""}}, {"model": "admin.logentry", "pk": 209, "fields": {"action_time": "2021-12-16T14:39:02.924Z", "user": ["admin"], "content_type": ["trains", "train"], "object_id": "6381", "object_repr": "Train object (6381)", "action_flag": 3, "change_message": ""}}, {"model": "admin.logentry", "pk": 210, "fields": {"action_time": "2021-12-16T14:39:03.194Z", "user": ["admin"], "content_type": ["trains", "train"], "object_id": "6387", "object_repr": "Train object (6387)", "action_flag": 3, "change_message": ""}}, {"model": "admin.logentry", "pk": 211, "fields": {"action_time": "2021-12-16T14:39:03.420Z", "user": ["admin"], "content_type": ["trains", "train"], "object_id": "6508", "object_repr": "Train object (6508)", "action_flag": 3, "change_message": ""}}, {"model": "admin.logentry", "pk": 212, "fields": {"action_time": "2021-12-16T14:39:03.536Z", "user": ["admin"], "content_type": ["trains", "train"], "object_id": "6501", "object_repr": "Train object (6501)", "action_flag": 3, "change_message": ""}}, {"model": "admin.logentry", "pk": 213, "fields": {"action_time": "2021-12-16T14:39:03.687Z", "user": ["admin"], "content_type": ["trains", "train"], "object_id": "6311", "object_repr": "Train object (6311)", "action_flag": 3, "change_message": ""}}, {"model": "admin.logentry", "pk": 214, "fields": {"action_time": "2021-12-16T14:39:04.176Z", "user": ["admin"], "content_type": ["trains", "train"], "object_id": "6315", "object_repr": "Train object (6315)", "action_flag": 3, "change_message": ""}}, {"model": "admin.logentry", "pk": 215, "fields": {"action_time": "2021-12-16T14:39:04.453Z", "user": ["admin"], "content_type": ["trains", "train"], "object_id": "6314", "object_repr": "Train object (6314)", "action_flag": 3, "change_message": ""}}, {"model": "admin.logentry", "pk": 216, "fields": {"action_time": "2021-12-16T14:39:04.555Z", "user": ["admin"], "content_type": ["trains", "train"], "object_id": "6316", "object_repr": "Train object (6316)", "action_flag": 3, "change_message": ""}}, {"model": "admin.logentry", "pk": 217, "fields": {"action_time": "2021-12-16T14:39:04.698Z", "user": ["admin"], "content_type": ["trains", "train"], "object_id": "6305", "object_repr": "Train object (6305)", "action_flag": 3, "change_message": ""}}, {"model": "admin.logentry", "pk": 218, "fields": {"action_time": "2021-12-16T14:39:04.859Z", "user": ["admin"], "content_type": ["trains", "train"], "object_id": "6307", "object_repr": "Train object (6307)", "action_flag": 3, "change_message": ""}}, {"model": "admin.logentry", "pk": 219, "fields": {"action_time": "2021-12-16T14:39:04.995Z", "user": ["admin"], "content_type": ["trains", "train"], "object_id": "6302", "object_repr": "Train object (6302)", "action_flag": 3, "change_message": ""}}, {"model": "admin.logentry", "pk": 220, "fields": {"action_time": "2021-12-16T14:39:05.176Z", "user": ["admin"], "content_type": ["trains", "train"], "object_id": "6308", "object_repr": "Train object (6308)", "action_flag": 3, "change_message": ""}}, {"model": "admin.logentry", "pk": 221, "fields": {"action_time": "2021-12-16T14:39:05.245Z", "user": ["admin"], "content_type": ["trains", "train"], "object_id": "6310", "object_repr": "Train object (6310)", "action_flag": 3, "change_message": ""}}, {"model": "admin.logentry", "pk": 222, "fields": {"action_time": "2021-12-16T14:39:05.337Z", "user": ["admin"], "content_type": ["trains", "train"], "object_id": "6400", "object_repr": "Train object (6400)", "action_flag": 3, "change_message": ""}}, {"model": "admin.logentry", "pk": 223, "fields": {"action_time": "2021-12-16T14:39:05.493Z", "user": ["admin"], "content_type": ["trains", "train"], "object_id": "6407", "object_repr": "Train object (6407)", "action_flag": 3, "change_message": ""}}, {"model": "admin.logentry", "pk": 224, "fields": {"action_time": "2021-12-16T14:39:05.570Z", "user": ["admin"], "content_type": ["trains", "train"], "object_id": "6701", "object_repr": "Train object (6701)", "action_flag": 3, "change_message": ""}}, {"model": "admin.logentry", "pk": 225, "fields": {"action_time": "2021-12-16T14:39:05.793Z", "user": ["admin"], "content_type": ["trains", "train"], "object_id": "6703", "object_repr": "Train object (6703)", "action_flag": 3, "change_message": ""}}, {"model": "admin.logentry", "pk": 226, "fields": {"action_time": "2021-12-16T14:39:05.951Z", "user": ["admin"], "content_type": ["trains", "train"], "object_id": "6709", "object_repr": "Train object (6709)", "action_flag": 3, "change_message": ""}}, {"model": "admin.logentry", "pk": 227, "fields": {"action_time": "2021-12-16T14:39:06.261Z", "user": ["admin"], "content_type": ["trains", "train"], "object_id": "6713", "object_repr": "Train object (6713)", "action_flag": 3, "change_message": ""}}, {"model": "admin.logentry", "pk": 228, "fields": {"action_time": "2021-12-16T14:39:06.403Z", "user": ["admin"], "content_type": ["trains", "train"], "object_id": "6717", "object_repr": "Train object (6717)", "action_flag": 3, "change_message": ""}}, {"model": "admin.logentry", "pk": 229, "fields": {"action_time": "2021-12-16T14:39:06.721Z", "user": ["admin"], "content_type": ["trains", "train"], "object_id": "6721", "object_repr": "Train object (6721)", "action_flag": 3, "change_message": ""}}, {"model": "admin.logentry", "pk": 230, "fields": {"action_time": "2021-12-16T14:39:06.968Z", "user": ["admin"], "content_type": ["trains", "train"], "object_id": "6723", "object_repr": "Train object (6723)", "action_flag": 3, "change_message": ""}}, {"model": "admin.logentry", "pk": 231, "fields": {"action_time": "2021-12-16T14:39:07.178Z", "user": ["admin"], "content_type": ["trains", "train"], "object_id": "6725", "object_repr": "Train object (6725)", "action_flag": 3, "change_message": ""}}, {"model": "admin.logentry", "pk": 232, "fields": {"action_time": "2021-12-16T14:39:07.447Z", "user": ["admin"], "content_type": ["trains", "train"], "object_id": "6700", "object_repr": "Train object (6700)", "action_flag": 3, "change_message": ""}}, {"model": "admin.logentry", "pk": 233, "fields": {"action_time": "2021-12-16T14:39:07.803Z", "user": ["admin"], "content_type": ["trains", "train"], "object_id": "6702", "object_repr": "Train object (6702)", "action_flag": 3, "change_message": ""}}, {"model": "admin.logentry", "pk": 234, "fields": {"action_time": "2021-12-16T14:39:07.943Z", "user": ["admin"], "content_type": ["trains", "train"], "object_id": "6704", "object_repr": "Train object (6704)", "action_flag": 3, "change_message": ""}}, {"model": "admin.logentry", "pk": 235, "fields": {"action_time": "2021-12-16T14:39:08.043Z", "user": ["admin"], "content_type": ["trains", "train"], "object_id": "6710", "object_repr": "Train object (6710)", "action_flag": 3, "change_message": ""}}, {"model": "admin.logentry", "pk": 236, "fields": {"action_time": "2021-12-16T14:39:08.095Z", "user": ["admin"], "content_type": ["trains", "train"], "object_id": "6716", "object_repr": "Train object (6716)", "action_flag": 3, "change_message": ""}}, {"model": "admin.logentry", "pk": 237, "fields": {"action_time": "2021-12-16T14:39:08.170Z", "user": ["admin"], "content_type": ["trains", "train"], "object_id": "6718", "object_repr": "Train object (6718)", "action_flag": 3, "change_message": ""}}, {"model": "admin.logentry", "pk": 238, "fields": {"action_time": "2021-12-16T14:39:08.245Z", "user": ["admin"], "content_type": ["trains", "train"], "object_id": "6722", "object_repr": "Train object (6722)", "action_flag": 3, "change_message": ""}}, {"model": "admin.logentry", "pk": 239, "fields": {"action_time": "2021-12-16T14:39:08.303Z", "user": ["admin"], "content_type": ["trains", "train"], "object_id": "6724", "object_repr": "Train object (6724)", "action_flag": 3, "change_message": ""}}, {"model": "admin.logentry", "pk": 240, "fields": {"action_time": "2021-12-16T22:28:57.093Z", "user": ["admin"], "content_type": ["stations", "station"], "object_id": "48", "object_repr": "Куликово", "action_flag": 2, "change_message": "[{\"changed\": {\"fields\": [\"Line\"]}}]"}}, {"model": "admin.logentry", "pk": 241, "fields": {"action_time": "2021-12-17T03:25:42.445Z", "user": ["admin"], "content_type": ["stations", "station"], "object_id": "35", "object_repr": "Дружное", "action_flag": 2, "change_message": "[{\"changed\": {\"fields\": [\"Line\"]}}]"}}]